日期,日期間距,買進匯率,賣出匯率,差距
20060102,13150,0.2767,0.2807,-1.0
20060103,13151,0.2767,0.2807,-1.0
20060104,13152,0.2778,0.2818,-1.0
20060105,13153,0.2744,0.2784,-1.0
20060106,13154,0.2756,0.2796,-1.0
20060109,13157,0.2777,0.2817,-1.0
20060110,13158,0.2781,0.2821,-1.0
20060111,13159,0.2775,0.2815,-1.0
20060112,13160,0.2776,0.2816,-1.0
20060113,13161,0.2774,0.2814,-1.0
20060116,13164,0.2773,0.2813,-1.0
20060117,13165,0.277,0.281,-1.0
20060118,13166,0.2769,0.2809,-1.0
20060119,13167,0.2767,0.2807,-1.0
20060120,13168,0.2766,0.2806,-1.0
20060123,13171,0.2769,0.2809,-1.0
20060124,13172,0.2773,0.2813,-1.0
20060125,13173,0.2763,0.2803,-1.0
20060126,13174,0.2747,0.2787,-1.0
20060127,13175,0.2731,0.2771,-1.0
20060203,13182,0.2691,0.2731,-1.0
20060206,13185,0.2686,0.2726,-1.0
20060207,13186,0.2703,0.2743,-1.0
20060208,13187,0.2726,0.2766,-1.0
20060209,13188,0.2713,0.2753,-1.0
20060210,13189,0.2723,0.2763,-1.0
20060213,13192,0.2728,0.2768,-1.0
20060214,13193,0.2734,0.2774,-1.0
20060215,13194,0.2733,0.2773,-1.0
20060216,13195,0.2732,0.2772,-1.0
20060217,13196,0.2727,0.2767,-1.0
20060220,13199,0.2721,0.2761,-1.0
20060221,13200,0.2718,0.2758,-1.0
20060222,13201,0.2733,0.2773,-1.0
20060223,13202,0.275,0.279,-1.0
20060224,13203,0.2766,0.2806,-1.0
20060227,13206,0.2774,0.2814,-1.0
20060301,13208,0.2768,0.2808,-1.0
20060302,13209,0.2764,0.2804,-1.0
20060303,13210,0.2767,0.2807,-1.0
20060306,13213,0.2757,0.2797,-1.0
20060307,13214,0.2743,0.2783,-1.0
20060308,13215,0.2748,0.2788,-1.0
20060309,13216,0.274,0.278,-1.0
20060310,13217,0.2732,0.2772,-1.0
20060313,13220,0.2718,0.2758,-1.0
20060314,13221,0.2717,0.2757,-1.0
20060315,13222,0.2738,0.2778,-1.0
20060316,13223,0.2738,0.2778,-1.0
20060317,13224,0.2761,0.2801,-1.0
20060320,13227,0.2773,0.2813,-1.0
20060321,13228,0.277,0.281,-1.0
20060322,13229,0.2759,0.2799,-1.0
20060323,13230,0.2768,0.2808,-1.0
20060324,13231,0.2749,0.2789,-1.0
20060327,13234,0.2771,0.2811,-1.0
20060328,13235,0.277,0.281,-1.0
20060329,13236,0.2747,0.2787,-1.0
20060330,13237,0.2745,0.2785,-1.0
20060331,13238,0.2744,0.2784,-1.0
20060403,13241,0.2731,0.2771,-1.0
20060404,13242,0.2748,0.2788,-1.0
20060406,13244,0.2731,0.2771,-1.0
20060407,13245,0.2729,0.2769,-1.0
20060410,13248,0.2722,0.2762,-1.0
20060411,13249,0.272,0.276,-1.0
20060412,13250,0.2729,0.2769,-1.0
20060413,13251,0.2726,0.2766,-1.0
20060414,13252,0.2718,0.2758,-1.0
20060417,13255,0.2726,0.2766,-1.0
20060418,13256,0.2732,0.2772,-1.0
20060419,13257,0.2749,0.2789,-1.0
20060420,13258,0.2729,0.2769,-1.0
20060421,13259,0.273,0.277,-1.0
20060424,13262,0.2761,0.2801,-1.0
20060425,13263,0.2776,0.2816,-1.0
20060426,13264,0.2762,0.2802,-1.0
20060427,13265,0.2763,0.2803,-1.0
20060428,13266,0.2772,0.2812,-1.0
20060502,13270,0.2772,0.2812,-1.0
20060503,13271,0.2772,0.2812,-1.0
20060504,13272,0.2764,0.2804,-1.0
20060505,13273,0.2764,0.2804,-1.0
20060508,13276,0.2801,0.2841,-1.0
20060509,13277,0.2797,0.2837,-1.0
20060510,13278,0.2811,0.2851,-1.0
20060511,13279,0.2803,0.2843,-1.0
20060512,13280,0.284,0.288,-1.0
20060515,13283,0.286,0.29,-1.0
20060516,13284,0.2867,0.2907,-1.0
20060517,13285,0.2875,0.2915,-1.0
20060518,13286,0.2854,0.2894,-1.0
20060519,13287,0.2838,0.2878,-1.0
20060522,13290,0.2835,0.2875,-1.0
20060523,13291,0.2853,0.2893,-1.0
20060524,13292,0.2842,0.2882,-1.0
20060525,13293,0.2827,0.2867,-1.0
20060526,13294,0.2844,0.2884,-1.0
20060529,13297,0.2832,0.2872,-1.0
20060530,13298,0.2844,0.2884,-1.0
20060601,13300,0.2824,0.2864,-1.0
20060602,13301,0.2824,0.2864,-1.0
20060605,13304,0.2848,0.2888,-1.0
20060606,13305,0.2838,0.2878,-1.0
20060607,13306,0.2825,0.2865,-1.0
20060608,13307,0.2836,0.2876,-1.0
20060609,13308,0.2829,0.2869,-1.0
20060612,13311,0.283,0.287,-1.0
20060613,13312,0.2833,0.2873,-1.0
20060614,13313,0.2816,0.2856,-1.0
20060615,13314,0.2813,0.2853,-1.0
20060616,13315,0.2812,0.2852,-1.0
20060619,13318,0.2802,0.2842,-1.0
20060620,13319,0.282,0.286,-1.0
20060621,13320,0.2825,0.2865,-1.0
20060622,13321,0.2814,0.2854,-1.0
20060623,13322,0.2797,0.2837,-1.0
20060626,13325,0.2796,0.2836,-1.0
20060627,13326,0.2793,0.2833,-1.0
20060628,13327,0.2787,0.2827,-1.0
20060629,13328,0.2782,0.2822,-1.0
20060630,13329,0.2804,0.2844,-1.0
20060703,13332,0.28,0.284,-1.0
20060704,13333,0.2795,0.2835,-1.0
20060705,13334,0.2795,0.2835,-1.0
20060706,13335,0.2789,0.2829,-1.0
20060707,13336,0.2799,0.2839,-1.0
20060710,13339,0.2829,0.2869,-1.0
20060711,13340,0.2821,0.2861,-1.0
20060712,13341,0.2816,0.2856,-1.0
20060713,13342,0.2813,0.2853,-1.0
20060714,13343,0.2806,0.2846,-1.0
20060717,13346,0.2792,0.2832,-1.0
20060718,13347,0.2793,0.2833,-1.0
20060719,13348,0.278,0.282,-1.0
20060720,13349,0.2786,0.2826,-1.0
20060721,13350,0.28,0.284,-1.0
20060724,13353,0.2796,0.2836,-1.0
20060725,13354,0.2788,0.2828,-1.0
20060726,13355,0.2793,0.2833,-1.0
20060727,13356,0.2806,0.2846,-1.0
20060728,13357,0.2819,0.2859,-1.0
20060731,13360,0.2843,0.2883,-1.0
20060801,13361,0.2841,0.2881,-1.0
20060802,13362,0.2854,0.2894,-1.0
20060803,13363,0.2844,0.2884,-1.0
20060804,13364,0.2832,0.2872,-1.0
20060807,13367,0.2843,0.2883,-1.0
20060808,13368,0.2833,0.2873,-1.0
20060809,13369,0.2824,0.2864,-1.0
20060810,13370,0.2817,0.2857,-1.0
20060811,13371,0.2802,0.2842,-1.0
20060814,13374,0.2792,0.2832,-1.0
20060815,13375,0.2796,0.2836,-1.0
20060816,13376,0.2803,0.2843,-1.0
20060817,13377,0.2811,0.2851,-1.0
20060818,13378,0.2796,0.2836,-1.0
20060821,13381,0.2811,0.2851,-1.0
20060822,13382,0.2797,0.2837,-1.0
20060823,13383,0.2801,0.2841,-1.0
20060824,13384,0.2801,0.2841,-1.0
20060825,13385,0.2787,0.2827,-1.0
20060828,13388,0.2794,0.2834,-1.0
20060829,13389,0.28,0.284,-1.0
20060830,13390,0.2793,0.2833,-1.0
20060831,13391,0.2787,0.2827,-1.0
20060901,13392,0.2784,0.2824,-1.0
20060904,13395,0.28,0.284,-1.0
20060905,13396,0.2814,0.2854,-1.0
20060906,13397,0.2801,0.2841,-1.0
20060907,13398,0.2791,0.2831,-1.0
20060908,13399,0.2809,0.2849,-1.0
20060911,13402,0.2794,0.2834,-1.0
20060912,13403,0.278,0.282,-1.0
20060913,13404,0.2775,0.2815,-1.0
20060914,13405,0.2778,0.2818,-1.0
20060915,13406,0.2781,0.2821,-1.0
20060918,13409,0.2775,0.2815,-1.0
20060919,13410,0.2777,0.2817,-1.0
20060920,13411,0.279,0.283,-1.0
20060921,13412,0.2788,0.2828,-1.0
20060922,13413,0.281,0.285,-1.0
20060925,13416,0.2815,0.2855,-1.0
20060926,13417,0.2811,0.2851,-1.0
20060927,13418,0.2794,0.2834,-1.0
20060928,13419,0.2785,0.2825,-1.0
20060929,13420,0.2786,0.2826,-1.0
20061002,13423,0.2784,0.2824,-1.0
20061003,13424,0.2795,0.2835,-1.0
20061004,13425,0.2788,0.2828,-1.0
20061005,13426,0.2793,0.2833,-1.0
20061011,13432,0.2767,0.2807,-1.0
20061012,13433,0.2763,0.2803,-1.0
20061013,13434,0.276,0.28,-1.0
20061014,13435,0.2754,0.2794,-1.0
20061016,13437,0.2767,0.2807,-1.0
20061017,13438,0.277,0.281,-1.0
20061018,13439,0.2779,0.2819,-1.0
20061019,13440,0.2783,0.2823,-1.0
20061020,13441,0.2786,0.2826,-1.0
20061023,13444,0.2772,0.2812,-1.0
20061024,13445,0.2767,0.2807,-1.0
20061025,13446,0.2779,0.2819,-1.0
20061026,13447,0.2781,0.2821,-1.0
20061027,13448,0.2788,0.2828,-1.0
20061030,13451,0.2807,0.2847,-1.0
20061031,13452,0.2807,0.2847,-1.0
20061101,13453,0.2813,0.2853,-1.0
20061102,13454,0.2797,0.2837,-1.0
20061103,13455,0.2792,0.2832,-1.0
20061106,13458,0.2769,0.2809,-1.0
20061107,13459,0.2769,0.2809,-1.0
20061108,13460,0.2774,0.2814,-1.0
20061109,13461,0.2772,0.2812,-1.0
20061110,13462,0.2771,0.2811,-1.0
20061113,13465,0.2768,0.2808,-1.0
20061114,13466,0.2768,0.2808,-1.0
20061115,13467,0.2768,0.2808,-1.0
20061116,13468,0.2761,0.2801,-1.0
20061117,13469,0.2764,0.2804,-1.0
20061120,13472,0.2773,0.2813,-1.0
20061121,13473,0.2764,0.2804,-1.0
20061122,13474,0.2773,0.2813,-1.0
20061123,13475,0.2792,0.2832,-1.0
20061124,13476,0.2804,0.2844,-1.0
20061127,13479,0.2799,0.2839,-1.0
20061128,13480,0.2794,0.2834,-1.0
20061129,13481,0.2784,0.2824,-1.0
20061130,13482,0.2773,0.2813,-1.0
20061201,13483,0.2773,0.2813,-1.0
20061204,13486,0.2782,0.2822,-1.0
20061205,13487,0.279,0.283,-1.0
20061206,13488,0.2796,0.2836,-1.0
20061207,13489,0.2794,0.2834,-1.0
20061208,13490,0.2789,0.2829,-1.0
20061211,13493,0.2766,0.2806,-1.0
20061212,13494,0.2762,0.2802,-1.0
20061213,13495,0.2758,0.2798,-1.0
20061214,13496,0.2753,0.2793,-1.0
20061215,13497,0.2746,0.2786,-1.0
20061218,13500,0.2745,0.2785,-1.0
20061219,13501,0.275,0.279,-1.0
20061220,13502,0.2741,0.2781,-1.0
20061221,13503,0.2732,0.2772,-1.0
20061222,13504,0.2731,0.2771,-1.0
20061225,13507,0.2725,0.2765,-1.0
20061226,13508,0.2727,0.2767,-1.0
20061227,13509,0.2736,0.2776,-1.0
20061228,13510,0.2731,0.2771,-1.0
20061229,13511,0.2721,0.2761,-1.0
20070102,13515,0.2713,0.2753,-1.0
20070103,13516,0.2709,0.2749,-1.0
20070104,13517,0.2708,0.2748,-1.0
20070105,13518,0.2727,0.2767,-1.0
20070108,13521,0.2744,0.2784,-1.0
20070109,13522,0.2728,0.2768,-1.0
20070110,13523,0.2727,0.2767,-1.0
20070111,13524,0.2715,0.2755,-1.0
20070112,13525,0.2702,0.2742,-1.0
20070115,13528,0.2703,0.2743,-1.0
20070116,13529,0.2703,0.2743,-1.0
20070117,13530,0.2698,0.2738,-1.0
20070118,13531,0.2686,0.2726,-1.0
20070119,13532,0.269,0.273,-1.0
20070122,13535,0.2694,0.2734,-1.0
20070123,13536,0.2692,0.2732,-1.0
20070124,13537,0.2693,0.2733,-1.0
20070125,13538,0.2708,0.2748,-1.0
20070126,13539,0.2691,0.2731,-1.0
20070129,13542,0.2686,0.2726,-1.0
20070130,13543,0.2686,0.2726,-1.0
20070131,13544,0.2696,0.2736,-1.0
20070201,13545,0.2704,0.2744,-1.0
20070202,13546,0.2706,0.2746,-1.0
20070205,13549,0.2709,0.2749,-1.0
20070206,13550,0.2717,0.2757,-1.0
20070207,13551,0.2721,0.2761,-1.0
20070208,13552,0.2705,0.2745,-1.0
20070209,13553,0.2696,0.2736,-1.0
20070212,13556,0.2691,0.2731,-1.0
20070213,13557,0.2703,0.2743,-1.0
20070214,13558,0.2702,0.2742,-1.0
20070215,13559,0.2724,0.2764,-1.0
20070216,13560,0.2744,0.2784,-1.0
20070226,13570,0.2709,0.2749,-1.0
20070227,13571,0.2731,0.2771,-1.0
20070301,13573,0.2763,0.2803,-1.0
20070302,13574,0.2779,0.2819,-1.0
20070303,13575,0.2794,0.2834,-1.0
20070305,13577,0.2835,0.2875,-1.0
20070306,13578,0.2814,0.2854,-1.0
20070307,13579,0.2813,0.2853,-1.0
20070308,13580,0.2803,0.2843,-1.0
20070309,13581,0.2789,0.2829,-1.0
20070312,13584,0.2771,0.2811,-1.0
20070313,13585,0.2792,0.2832,-1.0
20070314,13586,0.2825,0.2865,-1.0
20070315,13587,0.2797,0.2837,-1.0
20070316,13588,0.2812,0.2852,-1.0
20070319,13591,0.2807,0.2847,-1.0
20070320,13592,0.2794,0.2834,-1.0
20070321,13593,0.2792,0.2832,-1.0
20070322,13594,0.2793,0.2833,-1.0
20070323,13595,0.2778,0.2818,-1.0
20070326,13598,0.2779,0.2819,-1.0
20070327,13599,0.2784,0.2824,-1.0
20070328,13600,0.2796,0.2836,-1.0
20070329,13601,0.2798,0.2838,-1.0
20070330,13602,0.2785,0.2825,-1.0
20070402,13605,0.2794,0.2834,-1.0
20070403,13606,0.2781,0.2821,-1.0
20070404,13607,0.2765,0.2805,-1.0
20070409,13612,0.2754,0.2794,-1.0
20070410,13613,0.2758,0.2798,-1.0
20070411,13614,0.2758,0.2798,-1.0
20070412,13615,0.2759,0.2799,-1.0
20070413,13616,0.2772,0.2812,-1.0
20070414,13617,0.2747,0.2808,-1.0
20070416,13619,0.2758,0.2798,-1.0
20070417,13620,0.2763,0.2803,-1.0
20070418,13621,0.2775,0.2815,-1.0
20070419,13622,0.2791,0.2831,-1.0
20070420,13623,0.2775,0.2815,-1.0
20070423,13626,0.2783,0.2823,-1.0
20070424,13627,0.278,0.282,-1.0
20070425,13628,0.2783,0.2823,-1.0
20070426,13629,0.2777,0.2817,-1.0
20070427,13630,0.2768,0.2808,-1.0
20070430,13633,0.2765,0.2805,-1.0
20070502,13635,0.2758,0.2798,-1.0
20070503,13636,0.2752,0.2792,-1.0
20070504,13637,0.2746,0.2786,-1.0
20070507,13640,0.2751,0.2791,-1.0
20070508,13641,0.2754,0.2794,-1.0
20070509,13642,0.2758,0.2798,-1.0
20070510,13643,0.2752,0.2792,-1.0
20070511,13644,0.276,0.28,-1.0
20070514,13647,0.2752,0.2792,-1.0
20070515,13648,0.2754,0.2794,-1.0
20070516,13649,0.2751,0.2791,-1.0
20070517,13650,0.2739,0.2779,-1.0
20070518,13651,0.2733,0.2773,-1.0
20070521,13654,0.2732,0.2772,-1.0
20070522,13655,0.2731,0.2771,-1.0
20070523,13656,0.2732,0.2772,-1.0
20070524,13657,0.2725,0.2765,-1.0
20070525,13658,0.2722,0.2762,-1.0
20070528,13661,0.2705,0.2745,-1.0
20070529,13662,0.2701,0.2741,-1.0
20070530,13663,0.2693,0.2733,-1.0
20070531,13664,0.2696,0.2736,-1.0
20070601,13665,0.269,0.273,-1.0
20070604,13668,0.2688,0.2728,-1.0
20070605,13669,0.2693,0.2733,-1.0
20070606,13670,0.2704,0.2744,-1.0
20070607,13671,0.2705,0.2745,-1.0
20070608,13672,0.2711,0.2751,-1.0
20070611,13675,0.2693,0.2733,-1.0
20070612,13676,0.2693,0.2733,-1.0
20070613,13677,0.2683,0.2723,-1.0
20070614,13678,0.2673,0.2713,-1.0
20070615,13679,0.2669,0.2709,-1.0
20070620,13684,0.2657,0.2697,-1.0
20070621,13685,0.2644,0.2684,-1.0
20070622,13686,0.2621,0.2661,-1.0
20070623,13687,0.2615,0.2674,-1.0
20070625,13689,0.2631,0.2671,-1.0
20070626,13690,0.2641,0.2681,-1.0
20070627,13691,0.2655,0.2695,-1.0
20070628,13692,0.2648,0.2688,-1.0
20070629,13693,0.2632,0.2672,-1.0
20070702,13696,0.2654,0.2694,-1.0
20070703,13697,0.266,0.27,-1.0
20070704,13698,0.2661,0.2701,-1.0
20070705,13699,0.2656,0.2696,-1.0
20070706,13700,0.2644,0.2684,-1.0
20070709,13703,0.2628,0.2668,-1.0
20070710,13704,0.264,0.268,-1.0
20070711,13705,0.2679,0.2719,-1.0
20070712,13706,0.2669,0.2709,-1.0
20070713,13707,0.2661,0.2701,-1.0
20070716,13710,0.2672,0.2712,-1.0
20070717,13711,0.2676,0.2716,-1.0
20070718,13712,0.2674,0.2714,-1.0
20070719,13713,0.2675,0.2715,-1.0
20070720,13714,0.2661,0.2701,-1.0
20070723,13717,0.2693,0.2733,-1.0
20070724,13718,0.2701,0.2741,-1.0
20070725,13719,0.2711,0.2751,-1.0
20070726,13720,0.271,0.275,-1.0
20070727,13721,0.2743,0.2783,-1.0
20070730,13724,0.2741,0.2781,-1.0
20070731,13725,0.2738,0.2778,-1.0
20070801,13726,0.2771,0.2811,-1.0
20070802,13727,0.2749,0.2789,-1.0
20070803,13728,0.274,0.278,-1.0
20070806,13731,0.2777,0.2817,-1.0
20070807,13732,0.2752,0.2792,-1.0
20070808,13733,0.274,0.278,-1.0
20070809,13734,0.2744,0.2784,-1.0
20070810,13735,0.2774,0.2814,-1.0
20070813,13738,0.2769,0.2809,-1.0
20070814,13739,0.2774,0.2814,-1.0
20070815,13740,0.2804,0.2844,-1.0
20070816,13741,0.2838,0.2878,-1.0
20070817,13742,0.2905,0.2945,-1.0
20070820,13745,0.2835,0.2875,-1.0
20070821,13746,0.2865,0.2905,-1.0
20070822,13747,0.2851,0.2891,-1.0
20070823,13748,0.2824,0.2864,-1.0
20070824,13749,0.2822,0.2862,-1.0
20070827,13752,0.2821,0.2861,-1.0
20070828,13753,0.2839,0.2879,-1.0
20070829,13754,0.2869,0.2909,-1.0
20070830,13755,0.284,0.288,-1.0
20070831,13756,0.282,0.286,-1.0
20070903,13759,0.2828,0.2868,-1.0
20070904,13760,0.2842,0.2882,-1.0
20070905,13761,0.2833,0.2873,-1.0
20070906,13762,0.2833,0.2873,-1.0
20070907,13763,0.285,0.289,-1.0
20070910,13766,0.2898,0.2938,-1.0
20070911,13767,0.2894,0.2934,-1.0
20070912,13768,0.2882,0.2922,-1.0
20070913,13769,0.287,0.291,-1.0
20070914,13770,0.2857,0.2897,-1.0
20070917,13773,0.2864,0.2904,-1.0
20070918,13774,0.2863,0.2903,-1.0
20070919,13775,0.2838,0.2878,-1.0
20070920,13776,0.2841,0.2881,-1.0
20070921,13777,0.2846,0.2886,-1.0
20070926,13782,0.2845,0.2885,-1.0
20070927,13783,0.2822,0.2862,-1.0
20070928,13784,0.2814,0.2854,-1.0
20070929,13785,0.2808,0.2871,-1.0
20071001,13787,0.2801,0.2841,-1.0
20071002,13788,0.2803,0.2843,-1.0
20071003,13789,0.279,0.283,-1.0
20071004,13790,0.2779,0.2819,-1.0
20071005,13791,0.2779,0.2819,-1.0
20071008,13794,0.2762,0.2802,-1.0
20071009,13795,0.276,0.28,-1.0
20071011,13797,0.2761,0.2801,-1.0
20071012,13798,0.2759,0.2799,-1.0
20071015,13801,0.2753,0.2793,-1.0
20071016,13802,0.2767,0.2807,-1.0
20071017,13803,0.2778,0.2818,-1.0
20071018,13804,0.2784,0.2824,-1.0
20071019,13805,0.2805,0.2845,-1.0
20071022,13808,0.2837,0.2877,-1.0
20071023,13809,0.2832,0.2872,-1.0
20071024,13810,0.2829,0.2869,-1.0
20071025,13811,0.2825,0.2865,-1.0
20071026,13812,0.2819,0.2859,-1.0
20071029,13815,0.2819,0.2859,-1.0
20071030,13816,0.2808,0.2848,-1.0
20071031,13817,0.2799,0.2839,-1.0
20071101,13818,0.2781,0.2821,-1.0
20071102,13819,0.281,0.285,-1.0
20071105,13822,0.2816,0.2856,-1.0
20071106,13823,0.2805,0.2845,-1.0
20071107,13824,0.2823,0.2863,-1.0
20071108,13825,0.2849,0.2889,-1.0
20071109,13826,0.2842,0.2882,-1.0
20071112,13829,0.2908,0.2948,-1.0
20071113,13830,0.2915,0.2955,-1.0
20071114,13831,0.288,0.292,-1.0
20071115,13832,0.2903,0.2943,-1.0
20071116,13833,0.2919,0.2959,-1.0
20071119,13836,0.291,0.295,-1.0
20071120,13837,0.2911,0.2951,-1.0
20071121,13838,0.2946,0.2986,-1.0
20071122,13839,0.2953,0.2993,-1.0
20071123,13840,0.2982,0.3022,-1.0
20071126,13843,0.2961,0.3001,-1.0
20071127,13844,0.2971,0.3011,-1.0
20071128,13845,0.2956,0.2996,-1.0
20071129,13846,0.2921,0.2961,-1.0
20071130,13847,0.2911,0.2951,-1.0
20071203,13850,0.2902,0.2942,-1.0
20071204,13851,0.2913,0.2953,-1.0
20071205,13852,0.2905,0.2945,-1.0
20071206,13853,0.2895,0.2935,-1.0
20071207,13854,0.2887,0.2927,-1.0
20071210,13857,0.2876,0.2916,-1.0
20071211,13858,0.2871,0.2911,-1.0
20071212,13859,0.2888,0.2928,-1.0
20071213,13860,0.2883,0.2923,-1.0
20071214,13861,0.2861,0.2901,-1.0
20071217,13864,0.2854,0.2894,-1.0
20071218,13865,0.2853,0.2893,-1.0
20071219,13866,0.2853,0.2893,-1.0
20071220,13867,0.2852,0.2892,-1.0
20071221,13868,0.2852,0.2892,-1.0
20071224,13871,0.283,0.287,-1.0
20071225,13872,0.2828,0.2868,-1.0
20071226,13873,0.2829,0.2869,-1.0
20071227,13874,0.2829,0.2869,-1.0
20071228,13875,0.2855,0.2895,-1.0
20071231,13878,0.2877,0.2917,-1.0
20080102,13880,0.2884,0.2924,-1.0
20080103,13881,0.2944,0.2984,-1.0
20080104,13882,0.2949,0.2989,-1.0
20080107,13885,0.2951,0.2991,-1.0
20080108,13886,0.2945,0.2985,-1.0
20080109,13887,0.2944,0.2984,-1.0
20080110,13888,0.2939,0.2979,-1.0
20080111,13889,0.2962,0.3002,-1.0
20080114,13892,0.2974,0.3014,-1.0
20080115,13893,0.2977,0.3017,-1.0
20080116,13894,0.3019,0.3059,-1.0
20080117,13895,0.2985,0.3025,-1.0
20080118,13896,0.2995,0.3035,-1.0
20080121,13899,0.3024,0.3064,-1.0
20080122,13900,0.3038,0.3078,-1.0
20080123,13901,0.3023,0.3063,-1.0
20080124,13902,0.3021,0.3061,-1.0
20080125,13903,0.2983,0.3023,-1.0
20080128,13906,0.3017,0.3057,-1.0
20080129,13907,0.3007,0.3047,-1.0
20080130,13908,0.3003,0.3043,-1.0
20080131,13909,0.2995,0.3035,-1.0
20080201,13910,0.2997,0.3037,-1.0
20080204,13913,0.2984,0.3024,-1.0
20080205,13914,0.2972,0.3012,-1.0
20080212,13921,0.2958,0.2998,-1.0
20080213,13922,0.2934,0.2974,-1.0
20080214,13923,0.2908,0.2948,-1.0
20080215,13924,0.2912,0.2952,-1.0
20080218,13927,0.2919,0.2959,-1.0
20080219,13928,0.2926,0.2966,-1.0
20080220,13929,0.2922,0.2962,-1.0
20080221,13930,0.2899,0.2939,-1.0
20080222,13931,0.2911,0.2951,-1.0
20080225,13934,0.2896,0.2936,-1.0
20080226,13935,0.2869,0.2909,-1.0
20080227,13936,0.2886,0.2926,-1.0
20080229,13938,0.2948,0.2988,-1.0
20080303,13941,0.3009,0.3049,-1.0
20080304,13942,0.2979,0.3019,-1.0
20080305,13943,0.2959,0.2999,-1.0
20080306,13944,0.295,0.299,-1.0
20080307,13945,0.298,0.302,-1.0
20080310,13948,0.2983,0.3023,-1.0
20080311,13949,0.2979,0.3019,-1.0
20080312,13950,0.2957,0.2997,-1.0
20080313,13951,0.3045,0.3085,-1.0
20080314,13952,0.3044,0.3084,-1.0
20080317,13955,0.3153,0.3193,-1.0
20080318,13956,0.3126,0.3166,-1.0
20080319,13957,0.3084,0.3124,-1.0
20080320,13958,0.3073,0.3113,-1.0
20080321,13959,0.3045,0.3085,-1.0
20080324,13962,0.3003,0.3043,-1.0
20080325,13963,0.2976,0.3016,-1.0
20080326,13964,0.2977,0.3017,-1.0
20080327,13965,0.3011,0.3051,-1.0
20080328,13966,0.3021,0.3061,-1.0
20080331,13969,0.3039,0.3079,-1.0
20080401,13970,0.3006,0.3046,-1.0
20080402,13971,0.2962,0.3002,-1.0
20080403,13972,0.2938,0.2978,-1.0
20080407,13976,0.2942,0.2982,-1.0
20080408,13977,0.2975,0.3015,-1.0
20080409,13978,0.2957,0.2997,-1.0
20080410,13979,0.2995,0.3035,-1.0
20080411,13980,0.2958,0.2998,-1.0
20080414,13983,0.2995,0.3035,-1.0
20080415,13984,0.2978,0.3018,-1.0
20080416,13985,0.296,0.3,-1.0
20080417,13986,0.2946,0.2986,-1.0
20080418,13987,0.2936,0.2976,-1.0
20080421,13990,0.2909,0.2949,-1.0
20080422,13991,0.2919,0.2959,-1.0
20080423,13992,0.292,0.296,-1.0
20080424,13993,0.2901,0.2941,-1.0
20080425,13994,0.2878,0.2918,-1.0
20080428,13997,0.2893,0.2933,-1.0
20080429,13998,0.2898,0.2938,-1.0
20080430,13999,0.2908,0.2948,-1.0
20080502,14001,0.2887,0.2927,-1.0
20080505,14004,0.2877,0.2917,-1.0
20080506,14005,0.2886,0.2926,-1.0
20080507,14006,0.288,0.292,-1.0
20080508,14007,0.2951,0.2991,-1.0
20080509,14008,0.2955,0.2995,-1.0
20080512,14011,0.2954,0.2994,-1.0
20080513,14012,0.2959,0.2999,-1.0
20080514,14013,0.2931,0.2971,-1.0
20080515,14014,0.2928,0.2968,-1.0
20080516,14015,0.2922,0.2962,-1.0
20080519,14018,0.2926,0.2966,-1.0
20080520,14019,0.2926,0.2966,-1.0
20080521,14020,0.2932,0.2972,-1.0
20080522,14021,0.2925,0.2965,-1.0
20080523,14022,0.2918,0.2958,-1.0
20080526,14025,0.2929,0.2969,-1.0
20080527,14026,0.2924,0.2964,-1.0
20080528,14027,0.2901,0.2941,-1.0
20080529,14028,0.2878,0.2918,-1.0
20080530,14029,0.2865,0.2905,-1.0
20080602,14032,0.2857,0.2897,-1.0
20080603,14033,0.2886,0.2926,-1.0
20080604,14034,0.2879,0.2919,-1.0
20080605,14035,0.2849,0.2889,-1.0
20080606,14036,0.2842,0.2882,-1.0
20080609,14039,0.2859,0.2899,-1.0
20080610,14040,0.2819,0.2859,-1.0
20080611,14041,0.2808,0.2848,-1.0
20080612,14042,0.2814,0.2854,-1.0
20080613,14043,0.2799,0.2839,-1.0
20080616,14046,0.2786,0.2826,-1.0
20080617,14047,0.2793,0.2833,-1.0
20080618,14048,0.2786,0.2826,-1.0
20080619,14049,0.2807,0.2847,-1.0
20080620,14050,0.2798,0.2838,-1.0
20080623,14053,0.2808,0.2848,-1.0
20080624,14054,0.2808,0.2848,-1.0
20080625,14055,0.2794,0.2834,-1.0
20080626,14056,0.2791,0.2831,-1.0
20080627,14057,0.2797,0.2837,-1.0
20080630,14060,0.2862,0.2902,-1.0
20080701,14061,0.2851,0.2891,-1.0
20080702,14062,0.2842,0.2882,-1.0
20080703,14063,0.2845,0.2885,-1.0
20080704,14064,0.2829,0.2869,-1.0
20080707,14067,0.2806,0.2846,-1.0
20080708,14068,0.2836,0.2876,-1.0
20080709,14069,0.2808,0.2848,-1.0
20080710,14070,0.2819,0.2859,-1.0
20080711,14071,0.2816,0.2856,-1.0
20080714,14074,0.2833,0.2873,-1.0
20080715,14075,0.2865,0.2905,-1.0
20080716,14076,0.2897,0.2937,-1.0
20080717,14077,0.286,0.29,-1.0
20080718,14078,0.2834,0.2874,-1.0
20080721,14081,0.2828,0.2868,-1.0
20080722,14082,0.2835,0.2875,-1.0
20080723,14083,0.2803,0.2843,-1.0
20080724,14084,0.2803,0.2843,-1.0
20080725,14085,0.2828,0.2868,-1.0
20080728,14088,0.2828,0.2868,-1.0
20080729,14089,0.2814,0.2854,-1.0
20080730,14090,0.2808,0.2848,-1.0
20080731,14091,0.2813,0.2853,-1.0
20080801,14092,0.2834,0.2874,-1.0
20080804,14095,0.2826,0.2866,-1.0
20080805,14096,0.2832,0.2872,-1.0
20080806,14097,0.282,0.286,-1.0
20080807,14098,0.2806,0.2846,-1.0
20080808,14099,0.2814,0.2854,-1.0
20080811,14102,0.2822,0.2862,-1.0
20080812,14103,0.2819,0.2859,-1.0
20080813,14104,0.2842,0.2882,-1.0
20080814,14105,0.2835,0.2875,-1.0
20080815,14106,0.2821,0.2861,-1.0
20080818,14109,0.2822,0.2862,-1.0
20080819,14110,0.2836,0.2876,-1.0
20080820,14111,0.2835,0.2875,-1.0
20080821,14112,0.2862,0.2902,-1.0
20080822,14113,0.2857,0.2897,-1.0
20080825,14116,0.2838,0.2878,-1.0
20080826,14117,0.2851,0.2891,-1.0
20080827,14118,0.2868,0.2908,-1.0
20080828,14119,0.287,0.291,-1.0
20080829,14120,0.2881,0.2921,-1.0
20080901,14123,0.2915,0.2955,-1.0
20080902,14124,0.2911,0.2951,-1.0
20080903,14125,0.2904,0.2944,-1.0
20080904,14126,0.2915,0.2955,-1.0
20080905,14127,0.2975,0.3015,-1.0
20080908,14130,0.2898,0.2938,-1.0
20080909,14131,0.2941,0.2981,-1.0
20080910,14132,0.2954,0.2994,-1.0
20080911,14133,0.2972,0.3012,-1.0
20080912,14134,0.2962,0.3002,-1.0
20080915,14137,0.3029,0.3069,-1.0
20080916,14138,0.3074,0.3114,-1.0
20080917,14139,0.3019,0.3059,-1.0
20080918,14140,0.3042,0.3082,-1.0
20080919,14141,0.2976,0.3016,-1.0
20080922,14144,0.2995,0.3035,-1.0
20080923,14145,0.3001,0.3041,-1.0
20080924,14146,0.2995,0.3035,-1.0
20080925,14147,0.3004,0.3044,-1.0
20080926,14148,0.3023,0.3063,-1.0
20080929,14151,0.2986,0.3026,-1.0
20080930,14152,0.3052,0.3092,-1.0
20081001,14153,0.2996,0.3036,-1.0
20081002,14154,0.3035,0.3075,-1.0
20081003,14155,0.3045,0.3085,-1.0
20081006,14158,0.3111,0.3151,-1.0
20081007,14159,0.3137,0.3177,-1.0
20081008,14160,0.3217,0.3257,-1.0
20081009,14161,0.319,0.323,-1.0
20081013,14165,0.3204,0.3244,-1.0
20081014,14166,0.3143,0.3183,-1.0
20081015,14167,0.3173,0.3213,-1.0
20081016,14168,0.3223,0.3263,-1.0
20081017,14169,0.3206,0.3246,-1.0
20081020,14172,0.3174,0.3214,-1.0
20081021,14173,0.3212,0.3252,-1.0
20081022,14174,0.3302,0.3342,-1.0
20081023,14175,0.3396,0.3436,-1.0
20081024,14176,0.3509,0.3549,-1.0
20081027,14179,0.3585,0.3625,-1.0
20081028,14180,0.3521,0.3561,-1.0
20081029,14181,0.3407,0.3447,-1.0
20081030,14182,0.33,0.334,-1.0
20081031,14183,0.3379,0.3419,-1.0
20081103,14186,0.3303,0.3343,-1.0
20081104,14187,0.3295,0.3335,-1.0
20081105,14188,0.3283,0.3323,-1.0
20081106,14189,0.3324,0.3364,-1.0
20081107,14190,0.3346,0.3386,-1.0
20081110,14193,0.3295,0.3335,-1.0
20081111,14194,0.3348,0.3388,-1.0
20081112,14195,0.3348,0.3388,-1.0
20081113,14196,0.3451,0.3491,-1.0
20081114,14197,0.3396,0.3436,-1.0
20081117,14200,0.3396,0.3436,-1.0
20081118,14201,0.342,0.346,-1.0
20081119,14202,0.342,0.346,-1.0
20081120,14203,0.3487,0.3527,-1.0
20081121,14204,0.3496,0.3536,-1.0
20081124,14207,0.3493,0.3533,-1.0
20081125,14208,0.3435,0.3475,-1.0
20081126,14209,0.3489,0.3529,-1.0
20081127,14210,0.348,0.352,-1.0
20081128,14211,0.3473,0.3513,-1.0
20081201,14214,0.3487,0.3527,-1.0
20081202,14215,0.3568,0.3608,-1.0
20081203,14216,0.3574,0.3614,-1.0
20081204,14217,0.3596,0.3636,-1.0
20081205,14218,0.3618,0.3658,-1.0
20081208,14221,0.3578,0.3618,-1.0
20081209,14222,0.3605,0.3645,-1.0
20081210,14223,0.3597,0.3637,-1.0
20081211,14224,0.358,0.362,-1.0
20081212,14225,0.3696,0.3736,-1.0
20081215,14228,0.3632,0.3672,-1.0
20081216,14229,0.3636,0.3676,-1.0
20081217,14230,0.3665,0.3705,-1.0
20081218,14231,0.3677,0.3717,-1.0
20081219,14232,0.3648,0.3688,-1.0
20081222,14235,0.3649,0.3689,-1.0
20081223,14236,0.364,0.368,-1.0
20081224,14237,0.3636,0.3676,-1.0
20081225,14238,0.3632,0.3672,-1.0
20081226,14239,0.3627,0.3667,-1.0
20081229,14242,0.3632,0.3672,-1.0
20081230,14243,0.3612,0.3652,-1.0
20081231,14244,0.3617,0.3657,-1.0
20090105,14249,0.3567,0.3607,-1.0
20090106,14250,0.351,0.355,-1.0
20090107,14251,0.3508,0.3548,-1.0
20090108,14252,0.3592,0.3632,-1.0
20090109,14253,0.3619,0.3659,-1.0
20090110,14254,0.3648,0.369,-1.0
20090112,14256,0.3668,0.3708,-1.0
20090113,14257,0.3708,0.3748,-1.0
20090114,14258,0.3684,0.3724,-1.0
20090115,14259,0.3726,0.3766,-1.0
20090116,14260,0.3678,0.3718,-1.0
20090117,14261,0.3631,0.3732,-1.0
20090119,14263,0.3688,0.3728,-1.0
20090120,14264,0.3683,0.3723,-1.0
20090121,14265,0.3716,0.3756,-1.0
20090122,14266,0.3746,0.3786,-1.0
20090123,14267,0.3798,0.3838,-1.0
20090202,14277,0.3757,0.3797,-1.0
20090203,14278,0.3739,0.3779,-1.0
20090204,14279,0.3766,0.3806,-1.0
20090205,14280,0.3742,0.3782,-1.0
20090206,14281,0.3692,0.3732,-1.0
20090209,14284,0.3694,0.3734,-1.0
20090210,14285,0.3697,0.3737,-1.0
20090211,14286,0.3757,0.3797,-1.0
20090212,14287,0.3757,0.3797,-1.0
20090213,14288,0.3716,0.3756,-1.0
20090217,14292,0.3741,0.3781,-1.0
20090218,14293,0.3723,0.3763,-1.0
20090219,14294,0.3685,0.3725,-1.0
20090220,14295,0.3686,0.3726,-1.0
20090223,14298,0.369,0.373,-1.0
20090224,14299,0.3629,0.3669,-1.0
20090225,14300,0.3556,0.3596,-1.0
20090226,14301,0.3539,0.3579,-1.0
20090227,14302,0.3551,0.3591,-1.0
20090302,14305,0.3597,0.3637,-1.0
20090303,14306,0.3564,0.3604,-1.0
20090304,14307,0.3526,0.3566,-1.0
20090305,14308,0.3489,0.3529,-1.0
20090306,14309,0.355,0.359,-1.0
20090309,14312,0.351,0.355,-1.0
20090310,14313,0.3489,0.3529,-1.0
20090311,14314,0.3483,0.3523,-1.0
20090312,14315,0.356,0.36,-1.0
20090313,14316,0.35,0.354,-1.0
20090316,14319,0.3482,0.3522,-1.0
20090317,14320,0.3451,0.3491,-1.0
20090318,14321,0.3445,0.3485,-1.0
20090319,14322,0.3533,0.3573,-1.0
20090320,14323,0.3566,0.3606,-1.0
20090323,14326,0.3501,0.3541,-1.0
20090324,14327,0.3418,0.3458,-1.0
20090325,14328,0.3445,0.3485,-1.0
20090326,14329,0.343,0.347,-1.0
20090327,14330,0.3427,0.3467,-1.0
20090330,14333,0.3517,0.3557,-1.0
20090331,14334,0.3431,0.3471,-1.0
20090401,14335,0.341,0.345,-1.0
20090402,14336,0.3351,0.3391,-1.0
20090403,14337,0.332,0.336,-1.0
20090406,14340,0.3266,0.3306,-1.0
20090407,14341,0.3317,0.3357,-1.0
20090408,14342,0.3381,0.3421,-1.0
20090409,14343,0.3353,0.3393,-1.0
20090410,14344,0.3345,0.3385,-1.0
20090413,14347,0.3328,0.3368,-1.0
20090414,14348,0.3354,0.3394,-1.0
20090415,14349,0.3401,0.3441,-1.0
20090416,14350,0.3407,0.3447,-1.0
20090417,14351,0.3382,0.3422,-1.0
20090420,14354,0.3395,0.3435,-1.0
20090421,14355,0.3435,0.3475,-1.0
20090422,14356,0.3427,0.3467,-1.0
20090423,14357,0.3425,0.3465,-1.0
20090424,14358,0.3448,0.3488,-1.0
20090427,14361,0.3467,0.3507,-1.0
20090428,14362,0.3506,0.3546,-1.0
20090429,14363,0.3463,0.3503,-1.0
20090430,14364,0.3373,0.3413,-1.0
20090504,14368,0.3307,0.3347,-1.0
20090505,14369,0.3324,0.3364,-1.0
20090506,14370,0.3347,0.3387,-1.0
20090507,14371,0.3329,0.3369,-1.0
20090508,14372,0.3304,0.3344,-1.0
20090511,14375,0.3336,0.3376,-1.0
20090512,14376,0.3351,0.3391,-1.0
20090513,14377,0.3392,0.3432,-1.0
20090514,14378,0.3432,0.3472,-1.0
20090515,14379,0.3435,0.3475,-1.0
20090518,14382,0.3439,0.3479,-1.0
20090519,14383,0.3381,0.3421,-1.0
20090520,14384,0.3401,0.3441,-1.0
20090521,14385,0.3437,0.3477,-1.0
20090522,14386,0.3448,0.3488,-1.0
20090525,14389,0.3415,0.3455,-1.0
20090526,14390,0.3431,0.3471,-1.0
20090527,14391,0.3408,0.3448,-1.0
20090601,14396,0.3403,0.3443,-1.0
20090602,14397,0.3344,0.3384,-1.0
20090603,14398,0.3361,0.3401,-1.0
20090604,14399,0.3364,0.3404,-1.0
20090605,14400,0.335,0.339,-1.0
20090606,14401,0.3277,0.3349,-1.0
20090608,14403,0.3315,0.3355,-1.0
20090609,14404,0.3331,0.3371,-1.0
20090610,14405,0.3333,0.3373,-1.0
20090611,14406,0.3332,0.3372,-1.0
20090612,14407,0.3327,0.3367,-1.0
20090615,14410,0.3332,0.3372,-1.0
20090616,14411,0.3385,0.3425,-1.0
20090617,14412,0.3398,0.3438,-1.0
20090618,14413,0.3414,0.3454,-1.0
20090619,14414,0.3383,0.3423,-1.0
20090622,14417,0.341,0.345,-1.0
20090623,14418,0.3438,0.3478,-1.0
20090624,14419,0.3428,0.3468,-1.0
20090625,14420,0.3402,0.3442,-1.0
20090626,14421,0.3412,0.3452,-1.0
20090629,14424,0.3428,0.3468,-1.0
20090630,14425,0.3414,0.3454,-1.0
20090701,14426,0.3367,0.3407,-1.0
20090702,14427,0.3385,0.3425,-1.0
20090703,14428,0.3411,0.3451,-1.0
20090706,14431,0.3445,0.3485,-1.0
20090707,14432,0.3449,0.3489,-1.0
20090708,14433,0.3484,0.3524,-1.0
20090709,14434,0.3512,0.3552,-1.0
20090710,14435,0.3544,0.3584,-1.0
20090713,14438,0.3573,0.3613,-1.0
20090714,14439,0.3536,0.3576,-1.0
20090715,14440,0.3499,0.3539,-1.0
20090716,14441,0.3496,0.3536,-1.0
20090717,14442,0.3499,0.3539,-1.0
20090720,14445,0.3448,0.3488,-1.0
20090721,14446,0.3466,0.3506,-1.0
20090722,14447,0.3501,0.3541,-1.0
20090723,14448,0.3458,0.3498,-1.0
20090724,14449,0.3453,0.3493,-1.0
20090727,14452,0.3432,0.3472,-1.0
20090728,14453,0.3423,0.3463,-1.0
20090729,14454,0.3461,0.3501,-1.0
20090730,14455,0.344,0.348,-1.0
20090731,14456,0.3412,0.3452,-1.0
20090803,14459,0.3427,0.3467,-1.0
20090804,14460,0.3422,0.3462,-1.0
20090805,14461,0.3424,0.3464,-1.0
20090806,14462,0.3425,0.3465,-1.0
20090807,14463,0.3392,0.3432,-1.0
20090810,14466,0.335,0.339,-1.0
20090811,14467,0.3372,0.3412,-1.0
20090812,14468,0.344,0.348,-1.0
20090813,14469,0.3396,0.3436,-1.0
20090814,14470,0.3441,0.3481,-1.0
20090817,14473,0.3467,0.3507,-1.0
20090818,14474,0.3444,0.3484,-1.0
20090819,14475,0.3484,0.3524,-1.0
20090820,14476,0.3474,0.3514,-1.0
20090821,14477,0.3489,0.3529,-1.0
20090824,14480,0.3442,0.3482,-1.0
20090825,14481,0.347,0.351,-1.0
20090826,14482,0.348,0.352,-1.0
20090827,14483,0.3493,0.3533,-1.0
20090828,14484,0.3486,0.3526,-1.0
20090831,14487,0.3528,0.3568,-1.0
20090901,14488,0.3502,0.3542,-1.0
20090902,14489,0.3539,0.3579,-1.0
20090903,14490,0.3542,0.3582,-1.0
20090904,14491,0.3527,0.3567,-1.0
20090907,14494,0.3505,0.3545,-1.0
20090908,14495,0.3527,0.3567,-1.0
20090909,14496,0.3521,0.3561,-1.0
20090910,14497,0.3523,0.3563,-1.0
20090911,14498,0.3567,0.3607,-1.0
20090914,14501,0.3589,0.3629,-1.0
20090915,14502,0.3565,0.3605,-1.0
20090916,14503,0.3579,0.3619,-1.0
20090917,14504,0.3557,0.3597,-1.0
20090918,14505,0.3536,0.3576,-1.0
20090921,14508,0.3502,0.3542,-1.0
20090922,14509,0.3525,0.3565,-1.0
20090923,14510,0.354,0.358,-1.0
20090924,14511,0.3555,0.3595,-1.0
20090925,14512,0.356,0.36,-1.0
20090928,14515,0.3605,0.3645,-1.0
20090929,14516,0.3587,0.3627,-1.0
20090930,14517,0.3562,0.3602,-1.0
20091001,14518,0.357,0.361,-1.0
20091002,14519,0.3596,0.3636,-1.0
20091005,14522,0.3573,0.3613,-1.0
20091006,14523,0.3592,0.3632,-1.0
20091007,14524,0.3628,0.3668,-1.0
20091008,14525,0.3623,0.3663,-1.0
20091009,14526,0.3591,0.3631,-1.0
20091012,14529,0.3553,0.3593,-1.0
20091013,14530,0.3567,0.3607,-1.0
20091014,14531,0.3594,0.3634,-1.0
20091015,14532,0.3579,0.3619,-1.0
20091016,14533,0.3528,0.3568,-1.0
20091019,14536,0.355,0.359,-1.0
20091020,14537,0.3556,0.3596,-1.0
20091021,14538,0.3549,0.3589,-1.0
20091022,14539,0.3526,0.3566,-1.0
20091023,14540,0.3505,0.3545,-1.0
20091026,14543,0.3508,0.3548,-1.0
20091027,14544,0.3509,0.3549,-1.0
20091028,14545,0.3545,0.3585,-1.0
20091029,14546,0.3576,0.3616,-1.0
20091030,14547,0.3551,0.3591,-1.0
20091102,14550,0.3593,0.3633,-1.0
20091103,14551,0.3595,0.3635,-1.0
20091104,14552,0.3573,0.3613,-1.0
20091105,14553,0.3578,0.3618,-1.0
20091106,14554,0.3574,0.3614,-1.0
20091109,14557,0.3568,0.3608,-1.0
20091110,14558,0.3579,0.3619,-1.0
20091111,14559,0.3573,0.3613,-1.0
20091112,14560,0.3584,0.3624,-1.0
20091113,14561,0.3564,0.3604,-1.0
20091116,14564,0.3576,0.3616,-1.0
20091117,14565,0.3595,0.3635,-1.0
20091118,14566,0.3583,0.3623,-1.0
20091119,14567,0.361,0.365,-1.0
20091120,14568,0.3621,0.3661,-1.0
20091123,14571,0.3614,0.3654,-1.0
20091124,14572,0.3623,0.3663,-1.0
20091125,14573,0.3629,0.3669,-1.0
20091126,14574,0.3694,0.3734,-1.0
20091127,14575,0.3733,0.3773,-1.0
20091130,14578,0.3719,0.3759,-1.0
20091201,14579,0.3683,0.3723,-1.0
20091202,14580,0.367,0.371,-1.0
20091203,14581,0.3642,0.3682,-1.0
20091204,14582,0.3631,0.3671,-1.0
20091207,14585,0.3573,0.3613,-1.0
20091208,14586,0.3615,0.3655,-1.0
20091209,14587,0.3659,0.3699,-1.0
20091210,14588,0.3652,0.3692,-1.0
20091211,14589,0.3605,0.3645,-1.0
20091214,14592,0.3627,0.3667,-1.0
20091215,14593,0.3604,0.3644,-1.0
20091216,14594,0.3585,0.3625,-1.0
20091217,14595,0.3588,0.3628,-1.0
20091218,14596,0.3572,0.3612,-1.0
20091221,14599,0.3561,0.3601,-1.0
20091222,14600,0.353,0.357,-1.0
20091223,14601,0.3509,0.3549,-1.0
20091224,14602,0.352,0.356,-1.0
20091225,14603,0.3511,0.3551,-1.0
20091228,14606,0.3509,0.3549,-1.0
20091229,14607,0.35,0.354,-1.0
20091230,14608,0.3479,0.3519,-1.0
20091231,14609,0.3453,0.3493,-1.0
20100104,14613,0.3404,0.3444,-1.0
20100105,14614,0.3444,0.3484,-1.0
20100106,14615,0.3442,0.3482,-1.0
20100107,14616,0.3421,0.3461,-1.0
20100108,14617,0.3401,0.3441,-1.0
20100111,14620,0.3423,0.3463,-1.0
20100112,14621,0.3439,0.3479,-1.0
20100113,14622,0.3469,0.3509,-1.0
20100114,14623,0.3438,0.3478,-1.0
20100115,14624,0.3476,0.3516,-1.0
20100118,14627,0.3475,0.3515,-1.0
20100119,14628,0.3492,0.3532,-1.0
20100120,14629,0.35,0.354,-1.0
20100121,14630,0.3467,0.3507,-1.0
20100122,14631,0.3516,0.3556,-1.0
20100125,14634,0.3524,0.3564,-1.0
20100126,14635,0.3541,0.3581,-1.0
20100127,14636,0.3567,0.3607,-1.0
20100128,14637,0.3518,0.3558,-1.0
20100129,14638,0.3527,0.3567,-1.0
20100201,14641,0.3521,0.3561,-1.0
20100202,14642,0.3516,0.3556,-1.0
20100203,14643,0.3517,0.3557,-1.0
20100204,14644,0.3498,0.3538,-1.0
20100205,14645,0.3576,0.3616,-1.0
20100206,14646,0.3567,0.3644,-1.0
20100208,14648,0.3581,0.3621,-1.0
20100209,14649,0.3566,0.3606,-1.0
20100210,14650,0.3555,0.3595,-1.0
20100211,14651,0.3542,0.3582,-1.0
20100212,14652,0.3543,0.3583,-1.0
20100222,14662,0.3488,0.3528,-1.0
20100223,14663,0.3503,0.3543,-1.0
20100224,14664,0.3532,0.3572,-1.0
20100225,14665,0.3576,0.3616,-1.0
20100226,14666,0.3572,0.3612,-1.0
20100301,14669,0.3568,0.3608,-1.0
20100302,14670,0.3569,0.3609,-1.0
20100303,14671,0.3579,0.3619,-1.0
20100304,14672,0.36,0.364,-1.0
20100305,14673,0.3556,0.3596,-1.0
20100308,14676,0.3513,0.3553,-1.0
20100309,14677,0.3516,0.3556,-1.0
20100310,14678,0.3517,0.3557,-1.0
20100311,14679,0.3504,0.3544,-1.0
20100312,14680,0.3495,0.3535,-1.0
20100315,14683,0.3489,0.3529,-1.0
20100316,14684,0.3498,0.3538,-1.0
20100317,14685,0.3488,0.3528,-1.0
20100318,14686,0.3512,0.3552,-1.0
20100319,14687,0.3492,0.3532,-1.0
20100322,14690,0.35,0.354,-1.0
20100323,14691,0.3513,0.3553,-1.0
20100324,14692,0.3494,0.3534,-1.0
20100325,14693,0.345,0.349,-1.0
20100326,14694,0.3421,0.3461,-1.0
20100329,14697,0.3416,0.3456,-1.0
20100330,14698,0.3422,0.3462,-1.0
20100331,14699,0.3392,0.3432,-1.0
20100401,14700,0.3377,0.3417,-1.0
20100402,14701,0.3358,0.3398,-1.0
20100406,14705,0.3354,0.3394,-1.0
20100407,14706,0.3348,0.3388,-1.0
20100408,14707,0.3383,0.3423,-1.0
20100409,14708,0.3361,0.3401,-1.0
20100412,14711,0.3358,0.3398,-1.0
20100413,14712,0.3376,0.3416,-1.0
20100414,14713,0.3342,0.3382,-1.0
20100415,14714,0.3349,0.3389,-1.0
20100416,14715,0.3372,0.3412,-1.0
20100419,14718,0.341,0.345,-1.0
20100420,14719,0.3369,0.3409,-1.0
20100421,14720,0.3344,0.3384,-1.0
20100422,14721,0.3347,0.3387,-1.0
20100423,14722,0.335,0.339,-1.0
20100426,14725,0.3311,0.3351,-1.0
20100427,14726,0.3329,0.3369,-1.0
20100428,14727,0.3349,0.3389,-1.0
20100429,14728,0.3325,0.3365,-1.0
20100430,14729,0.3317,0.3357,-1.0
20100503,14732,0.3334,0.3374,-1.0
20100504,14733,0.3299,0.3339,-1.0
20100505,14734,0.332,0.336,-1.0
20100506,14735,0.3373,0.3413,-1.0
20100507,14736,0.3437,0.3477,-1.0
20100510,14739,0.3366,0.3406,-1.0
20100511,14740,0.3416,0.3456,-1.0
20100512,14741,0.3408,0.3448,-1.0
20100513,14742,0.3384,0.3424,-1.0
20100514,14743,0.3416,0.3456,-1.0
20100517,14746,0.3466,0.3506,-1.0
20100518,14747,0.3425,0.3465,-1.0
20100519,14748,0.348,0.352,-1.0
20100520,14749,0.3502,0.3542,-1.0
20100521,14750,0.3565,0.3605,-1.0
20100524,14753,0.3548,0.3588,-1.0
20100525,14754,0.359,0.363,-1.0
20100526,14755,0.3565,0.3605,-1.0
20100527,14756,0.3535,0.3575,-1.0
20100528,14757,0.3503,0.3543,-1.0
20100531,14760,0.3503,0.3543,-1.0
20100601,14761,0.3552,0.3592,-1.0
20100602,14762,0.3509,0.3549,-1.0
20100603,14763,0.3456,0.3496,-1.0
20100604,14764,0.3471,0.3511,-1.0
20100607,14767,0.3538,0.3578,-1.0
20100608,14768,0.3525,0.3565,-1.0
20100609,14769,0.3541,0.3581,-1.0
20100610,14770,0.3552,0.3592,-1.0
20100611,14771,0.3521,0.3561,-1.0
20100614,14774,0.3502,0.3542,-1.0
20100615,14775,0.3524,0.3564,-1.0
20100617,14777,0.3517,0.3557,-1.0
20100618,14778,0.3529,0.3569,-1.0
20100621,14781,0.3475,0.3515,-1.0
20100622,14782,0.3516,0.3556,-1.0
20100623,14783,0.354,0.358,-1.0
20100624,14784,0.3576,0.3616,-1.0
20100625,14785,0.3567,0.3607,-1.0
20100628,14788,0.3578,0.3618,-1.0
20100629,14789,0.362,0.366,-1.0
20100630,14790,0.3625,0.3665,-1.0
20100701,14791,0.3632,0.3672,-1.0
20100702,14792,0.3652,0.3692,-1.0
20100705,14795,0.365,0.369,-1.0
20100706,14796,0.3646,0.3686,-1.0
20100707,14797,0.3675,0.3715,-1.0
20100708,14798,0.3627,0.3667,-1.0
20100709,14799,0.3609,0.3649,-1.0
20100712,14802,0.3609,0.3649,-1.0
20100713,14803,0.3636,0.3676,-1.0
20100714,14804,0.3601,0.3641,-1.0
20100715,14805,0.3643,0.3683,-1.0
20100716,14806,0.3666,0.3706,-1.0
20100719,14809,0.3683,0.3723,-1.0
20100720,14810,0.3686,0.3726,-1.0
20100721,14811,0.3674,0.3714,-1.0
20100722,14812,0.37,0.374,-1.0
20100723,14813,0.3675,0.3715,-1.0
20100726,14816,0.3664,0.3704,-1.0
20100727,14817,0.3658,0.3698,-1.0
20100728,14818,0.3624,0.3664,-1.0
20100729,14819,0.364,0.368,-1.0
20100730,14820,0.3684,0.3724,-1.0
20100802,14823,0.3646,0.3686,-1.0
20100803,14824,0.3674,0.3714,-1.0
20100804,14825,0.3698,0.3738,-1.0
20100805,14826,0.3665,0.3705,-1.0
20100806,14827,0.3668,0.3708,-1.0
20100809,14830,0.3692,0.3732,-1.0
20100810,14831,0.3688,0.3728,-1.0
20100811,14832,0.372,0.376,-1.0
20100812,14833,0.3703,0.3743,-1.0
20100813,14834,0.3692,0.3732,-1.0
20100816,14837,0.3701,0.3741,-1.0
20100817,14838,0.3722,0.3762,-1.0
20100818,14839,0.3717,0.3757,-1.0
20100819,14840,0.3701,0.3741,-1.0
20100820,14841,0.3718,0.3758,-1.0
20100823,14844,0.3722,0.3762,-1.0
20100824,14845,0.3756,0.3796,-1.0
20100825,14846,0.377,0.381,-1.0
20100826,14847,0.3758,0.3798,-1.0
20100827,14848,0.3761,0.3801,-1.0
20100830,14851,0.3745,0.3785,-1.0
20100831,14852,0.3787,0.3827,-1.0
20100901,14853,0.3787,0.3827,-1.0
20100902,14854,0.3784,0.3824,-1.0
20100903,14855,0.377,0.381,-1.0
20100906,14858,0.3771,0.3811,-1.0
20100907,14859,0.379,0.383,-1.0
20100908,14860,0.3804,0.3844,-1.0
20100909,14861,0.3793,0.3833,-1.0
20100910,14862,0.3775,0.3815,-1.0
20100913,14865,0.3762,0.3802,-1.0
20100914,14866,0.3794,0.3834,-1.0
20100915,14867,0.3707,0.3747,-1.0
20100916,14868,0.3704,0.3744,-1.0
20100917,14869,0.3679,0.3719,-1.0
20100920,14872,0.369,0.373,-1.0
20100921,14873,0.3699,0.3739,-1.0
20100923,14875,0.3718,0.3758,-1.0
20100924,14876,0.3713,0.3753,-1.0
20100927,14879,0.372,0.376,-1.0
20100928,14880,0.3721,0.3761,-1.0
20100929,14881,0.3734,0.3774,-1.0
20100930,14882,0.3743,0.3783,-1.0
20101001,14883,0.3711,0.3751,-1.0
20101004,14886,0.3734,0.3774,-1.0
20101005,14887,0.3722,0.3762,-1.0
20101006,14888,0.3727,0.3767,-1.0
20101007,14889,0.3742,0.3782,-1.0
20101008,14890,0.3754,0.3794,-1.0
20101011,14893,0.3758,0.3798,-1.0
20101012,14894,0.3773,0.3813,-1.0
20101013,14895,0.3759,0.3799,-1.0
20101014,14896,0.3774,0.3814,-1.0
20101015,14897,0.3771,0.3811,-1.0
20101018,14900,0.378,0.382,-1.0
20101019,14901,0.3777,0.3817,-1.0
20101020,14902,0.3788,0.3828,-1.0
20101021,14903,0.3788,0.3828,-1.0
20101022,14904,0.3788,0.3828,-1.0
20101025,14907,0.3799,0.3839,-1.0
20101026,14908,0.377,0.381,-1.0
20101027,14909,0.3751,0.3791,-1.0
20101028,14910,0.377,0.381,-1.0
20101029,14911,0.3796,0.3836,-1.0
20101101,14914,0.3795,0.3835,-1.0
20101102,14915,0.379,0.383,-1.0
20101103,14916,0.3782,0.3822,-1.0
20101104,14917,0.3761,0.3801,-1.0
20101105,14918,0.3764,0.3804,-1.0
20101108,14921,0.3753,0.3793,-1.0
20101109,14922,0.3769,0.3809,-1.0
20101110,14923,0.3724,0.3764,-1.0
20101111,14924,0.3689,0.3729,-1.0
20101112,14925,0.3736,0.3776,-1.0
20101115,14928,0.3692,0.3732,-1.0
20101116,14929,0.3679,0.3719,-1.0
20101117,14930,0.3671,0.3711,-1.0
20101118,14931,0.3672,0.3712,-1.0
20101119,14932,0.3657,0.3697,-1.0
20101122,14935,0.3652,0.3692,-1.0
20101123,14936,0.364,0.368,-1.0
20101124,14937,0.369,0.373,-1.0
20101125,14938,0.3669,0.3709,-1.0
20101126,14939,0.3656,0.3696,-1.0
20101129,14942,0.361,0.365,-1.0
20101130,14943,0.3654,0.3694,-1.0
20101201,14944,0.3671,0.3711,-1.0
20101202,14945,0.3589,0.3629,-1.0
20101203,14946,0.3656,0.3696,-1.0
20101206,14949,0.3679,0.3719,-1.0
20101207,14950,0.3688,0.3728,-1.0
20101208,14951,0.3642,0.3682,-1.0
20101209,14952,0.3598,0.3638,-1.0
20101210,14953,0.3634,0.3674,-1.0
20101213,14956,0.3616,0.3656,-1.0
20101214,14957,0.3633,0.3673,-1.0
20101215,14958,0.3614,0.3654,-1.0
20101216,14959,0.3606,0.3646,-1.0
20101217,14960,0.3538,0.3578,-1.0
20101220,14963,0.3544,0.3584,-1.0
20101221,14964,0.355,0.359,-1.0
20101222,14965,0.3554,0.3594,-1.0
20101223,14966,0.3577,0.3617,-1.0
20101224,14967,0.3561,0.3601,-1.0
20101227,14970,0.3547,0.3587,-1.0
20101228,14971,0.3562,0.3602,-1.0
20101229,14972,0.3562,0.3602,-1.0
20101230,14973,0.3589,0.3629,-1.0
20101231,14974,0.3571,0.3611,-1.0
20110103,14977,0.3559,0.3599,-1.0
20110104,14978,0.3528,0.3568,-1.0
20110105,14979,0.3541,0.3581,-1.0
20110106,14980,0.3515,0.3555,-1.0
20110107,14981,0.3499,0.3539,-1.0
20110110,14984,0.3498,0.3538,-1.0
20110111,14985,0.3493,0.3533,-1.0
20110112,14986,0.3484,0.3524,-1.0
20110113,14987,0.3478,0.3518,-1.0
20110114,14988,0.3498,0.3538,-1.0
20110117,14991,0.3481,0.3521,-1.0
20110118,14992,0.3498,0.3538,-1.0
20110119,14993,0.3516,0.3556,-1.0
20110120,14994,0.3521,0.3561,-1.0
20110121,14995,0.35,0.354,-1.0
20110124,14998,0.3488,0.3528,-1.0
20110125,14999,0.3503,0.3543,-1.0
20110126,15000,0.3516,0.3556,-1.0
20110127,15001,0.3484,0.3524,-1.0
20110128,15002,0.3524,0.3564,-1.0
20110131,15005,0.3521,0.3561,-1.0
20110201,15006,0.353,0.357,-1.0
20110208,15013,0.35,0.354,-1.0
20110209,15014,0.3472,0.3512,-1.0
20110210,15015,0.3482,0.3522,-1.0
20110211,15016,0.3478,0.3518,-1.0
20110214,15019,0.3505,0.3545,-1.0
20110215,15020,0.3503,0.3543,-1.0
20110216,15021,0.3496,0.3536,-1.0
20110217,15022,0.3502,0.3542,-1.0
20110218,15023,0.3507,0.3547,-1.0
20110221,15026,0.3512,0.3552,-1.0
20110222,15027,0.3531,0.3571,-1.0
20110223,15028,0.3557,0.3597,-1.0
20110224,15029,0.3619,0.3659,-1.0
20110225,15030,0.3616,0.3656,-1.0
20110301,15034,0.3581,0.3621,-1.0
20110302,15035,0.3594,0.3634,-1.0
20110303,15036,0.3586,0.3626,-1.0
20110304,15037,0.3546,0.3586,-1.0
20110307,15040,0.3557,0.3597,-1.0
20110308,15041,0.3546,0.3586,-1.0
20110309,15042,0.3527,0.3567,-1.0
20110310,15043,0.3546,0.3586,-1.0
20110311,15044,0.3558,0.3598,-1.0
20110314,15047,0.3573,0.3613,-1.0
20110315,15048,0.3606,0.3646,-1.0
20110316,15049,0.3631,0.3671,-1.0
20110317,15050,0.3715,0.3755,-1.0
20110318,15051,0.3602,0.3642,-1.0
20110321,15054,0.3631,0.3671,-1.0
20110322,15055,0.3628,0.3668,-1.0
20110323,15056,0.3645,0.3685,-1.0
20110324,15057,0.3641,0.3681,-1.0
20110325,15058,0.3609,0.3649,-1.0
20110328,15061,0.3591,0.3631,-1.0
20110329,15062,0.3588,0.3628,-1.0
20110330,15063,0.3533,0.3573,-1.0
20110331,15064,0.3534,0.3574,-1.0
20110401,15065,0.348,0.352,-1.0
20110406,15070,0.3391,0.3431,-1.0
20110407,15071,0.338,0.342,-1.0
20110408,15072,0.3377,0.3417,-1.0
20110411,15075,0.3396,0.3436,-1.0
20110412,15076,0.3431,0.3471,-1.0
20110413,15077,0.3437,0.3477,-1.0
20110414,15078,0.3456,0.3496,-1.0
20110415,15079,0.3476,0.3516,-1.0
20110418,15082,0.3487,0.3527,-1.0
20110419,15083,0.3507,0.3547,-1.0
20110420,15084,0.3484,0.3524,-1.0
20110421,15085,0.3501,0.3541,-1.0
20110422,15086,0.3506,0.3546,-1.0
20110425,15089,0.3501,0.3541,-1.0
20110426,15090,0.3519,0.3559,-1.0
20110427,15091,0.3507,0.3547,-1.0
20110428,15092,0.3492,0.3532,-1.0
20110429,15093,0.349,0.353,-1.0
20110503,15097,0.3507,0.3547,-1.0
20110504,15098,0.3506,0.3546,-1.0
20110505,15099,0.3543,0.3583,-1.0
20110506,15100,0.3545,0.3585,-1.0
20110509,15103,0.3528,0.3568,-1.0
20110510,15104,0.3516,0.3556,-1.0
20110511,15105,0.3513,0.3553,-1.0
20110512,15106,0.3513,0.3553,-1.0
20110513,15107,0.3539,0.3579,-1.0
20110516,15110,0.354,0.358,-1.0
20110517,15111,0.3514,0.3554,-1.0
20110518,15112,0.3539,0.3579,-1.0
20110519,15113,0.3505,0.3545,-1.0
20110520,15114,0.3505,0.3545,-1.0
20110523,15117,0.3532,0.3572,-1.0
20110524,15118,0.351,0.355,-1.0
20110525,15119,0.3508,0.3548,-1.0
20110526,15120,0.3508,0.3548,-1.0
20110527,15121,0.3538,0.3578,-1.0
20110530,15124,0.354,0.358,-1.0
20110531,15125,0.3492,0.3532,-1.0
20110601,15126,0.3494,0.3534,-1.0
20110602,15127,0.3527,0.3567,-1.0
20110603,15128,0.3536,0.3576,-1.0
20110607,15132,0.356,0.36,-1.0
20110608,15133,0.3573,0.3613,-1.0
20110609,15134,0.3574,0.3614,-1.0
20110610,15135,0.3575,0.3615,-1.0
20110613,15138,0.3568,0.3608,-1.0
20110614,15139,0.3568,0.3608,-1.0
20110615,15140,0.3556,0.3596,-1.0
20110616,15141,0.3569,0.3609,-1.0
20110617,15142,0.3578,0.3618,-1.0
20110620,15145,0.3598,0.3638,-1.0
20110621,15146,0.3589,0.3629,-1.0
20110622,15147,0.3579,0.3619,-1.0
20110623,15148,0.3565,0.3605,-1.0
20110624,15149,0.3567,0.3607,-1.0
20110627,15152,0.3563,0.3603,-1.0
20110628,15153,0.3558,0.3598,-1.0
20110629,15154,0.3546,0.3586,-1.0
20110630,15155,0.3552,0.3592,-1.0
20110701,15156,0.3543,0.3583,-1.0
20110704,15159,0.354,0.358,-1.0
20110705,15160,0.3528,0.3568,-1.0
20110706,15161,0.3542,0.3582,-1.0
20110707,15162,0.3538,0.3578,-1.0
20110708,15163,0.3518,0.3558,-1.0
20110711,15166,0.3553,0.3593,-1.0
20110712,15167,0.3605,0.3645,-1.0
20110713,15168,0.3618,0.3658,-1.0
20110714,15169,0.3626,0.3666,-1.0
20110715,15170,0.3628,0.3668,-1.0
20110718,15173,0.3647,0.3687,-1.0
20110719,15174,0.3636,0.3676,-1.0
20110720,15175,0.3637,0.3677,-1.0
20110721,15176,0.3648,0.3688,-1.0
20110722,15177,0.3645,0.3685,-1.0
20110725,15180,0.3666,0.3706,-1.0
20110726,15181,0.3671,0.3711,-1.0
20110727,15182,0.369,0.373,-1.0
20110728,15183,0.3694,0.3734,-1.0
20110729,15184,0.3699,0.3739,-1.0
20110801,15187,0.3696,0.3736,-1.0
20110802,15188,0.3715,0.3755,-1.0
20110803,15189,0.3725,0.3765,-1.0
20110804,15190,0.3603,0.3643,-1.0
20110805,15191,0.3671,0.3711,-1.0
20110808,15194,0.3707,0.3747,-1.0
20110809,15195,0.3731,0.3771,-1.0
20110810,15196,0.3761,0.3801,-1.0
20110811,15197,0.3768,0.3808,-1.0
20110812,15198,0.3765,0.3805,-1.0
20110815,15201,0.3742,0.3782,-1.0
20110816,15202,0.3744,0.3784,-1.0
20110817,15203,0.3758,0.3798,-1.0
20110818,15204,0.3764,0.3804,-1.0
20110819,15205,0.3773,0.3813,-1.0
20110822,15208,0.3762,0.3802,-1.0
20110823,15209,0.376,0.38,-1.0
20110824,15210,0.3768,0.3808,-1.0
20110825,15211,0.3749,0.3789,-1.0
20110826,15212,0.375,0.379,-1.0
20110829,15215,0.3768,0.3808,-1.0
20110830,15216,0.3766,0.3806,-1.0
20110831,15217,0.3768,0.3808,-1.0
20110901,15218,0.3745,0.3785,-1.0
20110902,15219,0.3759,0.3799,-1.0
20110905,15222,0.3761,0.3801,-1.0
20110906,15223,0.3774,0.3814,-1.0
20110907,15224,0.3748,0.3788,-1.0
20110908,15225,0.3746,0.3786,-1.0
20110909,15226,0.3748,0.3788,-1.0
20110913,15230,0.3813,0.3853,-1.0
20110914,15231,0.3829,0.3869,-1.0
20110915,15232,0.3842,0.3882,-1.0
20110916,15233,0.3833,0.3873,-1.0
20110919,15236,0.3849,0.3889,-1.0
20110920,15237,0.3889,0.3929,-1.0
20110921,15238,0.3904,0.3944,-1.0
20110922,15239,0.3955,0.3995,-1.0
20110923,15240,0.3967,0.4007,-1.0
20110926,15243,0.3981,0.4021,-1.0
20110927,15244,0.397,0.401,-1.0
20110928,15245,0.3961,0.4001,-1.0
20110929,15246,0.3959,0.3999,-1.0
20110930,15247,0.3957,0.3997,-1.0
20111003,15250,0.396,0.4,-1.0
20111004,15251,0.3982,0.4022,-1.0
20111005,15252,0.3977,0.4017,-1.0
20111006,15253,0.3971,0.4011,-1.0
20111007,15254,0.3958,0.3998,-1.0
20111011,15258,0.3935,0.3975,-1.0
20111012,15259,0.3945,0.3985,-1.0
20111013,15260,0.3908,0.3948,-1.0
20111014,15261,0.3916,0.3956,-1.0
20111017,15264,0.3865,0.3905,-1.0
20111018,15265,0.3906,0.3946,-1.0
20111019,15266,0.3902,0.3942,-1.0
20111020,15267,0.3924,0.3964,-1.0
20111021,15268,0.393,0.397,-1.0
20111024,15271,0.3931,0.3971,-1.0
20111025,15272,0.3937,0.3977,-1.0
20111026,15273,0.3948,0.3988,-1.0
20111027,15274,0.3941,0.3981,-1.0
20111028,15275,0.3917,0.3957,-1.0
20111031,15278,0.3777,0.3817,-1.0
20111101,15279,0.3831,0.3871,-1.0
20111102,15280,0.3833,0.3873,-1.0
20111103,15281,0.3851,0.3891,-1.0
20111104,15282,0.3828,0.3868,-1.0
20111107,15285,0.3831,0.3871,-1.0
20111108,15286,0.3837,0.3877,-1.0
20111109,15287,0.3855,0.3895,-1.0
20111110,15288,0.3872,0.3912,-1.0
20111111,15289,0.3877,0.3917,-1.0
20111114,15292,0.3893,0.3933,-1.0
20111115,15293,0.3902,0.3942,-1.0
20111116,15294,0.3906,0.3946,-1.0
20111117,15295,0.3905,0.3945,-1.0
20111118,15296,0.3924,0.3964,-1.0
20111121,15299,0.3921,0.3961,-1.0
20111122,15300,0.3917,0.3957,-1.0
20111123,15301,0.3927,0.3967,-1.0
20111124,15302,0.3924,0.3964,-1.0
20111125,15303,0.3913,0.3953,-1.0
20111128,15306,0.3899,0.3939,-1.0
20111129,15307,0.3881,0.3921,-1.0
20111130,15308,0.3868,0.3908,-1.0
20111201,15309,0.3861,0.3901,-1.0
20111202,15310,0.3857,0.3897,-1.0
20111205,15313,0.3849,0.3889,-1.0
20111206,15314,0.3866,0.3906,-1.0
20111207,15315,0.3862,0.3902,-1.0
20111208,15316,0.3869,0.3909,-1.0
20111209,15317,0.3869,0.3909,-1.0
20111212,15320,0.3873,0.3913,-1.0
20111213,15321,0.3869,0.3909,-1.0
20111214,15322,0.3862,0.3902,-1.0
20111215,15323,0.3877,0.3917,-1.0
20111216,15324,0.3877,0.3917,-1.0
20111219,15327,0.3878,0.3918,-1.0
20111220,15328,0.3871,0.3911,-1.0
20111221,15329,0.3876,0.3916,-1.0
20111222,15330,0.386,0.39,-1.0
20111223,15331,0.386,0.39,-1.0
20111226,15334,0.3864,0.3904,-1.0
20111227,15335,0.387,0.391,-1.0
20111228,15336,0.3875,0.3915,-1.0
20111229,15337,0.3877,0.3917,-1.0
20111230,15338,0.3884,0.3924,-1.0
20120102,15341,0.3916,0.3956,-1.0
20120103,15342,0.3925,0.3965,-1.0
20120104,15343,0.3931,0.3971,-1.0
20120105,15344,0.3921,0.3961,-1.0
20120106,15345,0.3896,0.3936,-1.0
20120109,15348,0.3909,0.3949,-1.0
20120110,15349,0.3888,0.3928,-1.0
20120111,15350,0.3877,0.3917,-1.0
20120112,15351,0.3876,0.3916,-1.0
20120113,15352,0.3889,0.3929,-1.0
20120116,15355,0.3891,0.3931,-1.0
20120117,15356,0.3891,0.3931,-1.0
20120118,15357,0.3886,0.3926,-1.0
20120119,15358,0.3878,0.3918,-1.0
20120120,15359,0.3858,0.3898,-1.0
20120130,15369,0.3858,0.3898,-1.0
20120131,15370,0.3856,0.3896,-1.0
20120201,15371,0.3874,0.3914,-1.0
20120202,15372,0.3856,0.3896,-1.0
20120203,15373,0.3855,0.3895,-1.0
20120204,15374,0.383,0.387,-1.0
20120206,15376,0.3843,0.3883,-1.0
20120207,15377,0.3835,0.3875,-1.0
20120208,15378,0.3811,0.3851,-1.0
20120209,15379,0.3793,0.3833,-1.0
20120210,15380,0.3781,0.3821,-1.0
20120213,15383,0.3781,0.3821,-1.0
20120214,15384,0.3771,0.3811,-1.0
20120215,15385,0.374,0.378,-1.0
20120216,15386,0.3744,0.3784,-1.0
20120217,15387,0.3716,0.3756,-1.0
20120220,15390,0.3699,0.3739,-1.0
20120221,15391,0.3682,0.3722,-1.0
20120222,15392,0.3673,0.3713,-1.0
20120223,15393,0.3671,0.3711,-1.0
20120224,15394,0.3648,0.3688,-1.0
20120229,15399,0.3635,0.3675,-1.0
20120301,15400,0.3613,0.3653,-1.0
20120302,15401,0.3586,0.3626,-1.0
20120303,15402,0.3578,0.3618,-1.0
20120305,15404,0.3611,0.3651,-1.0
20120306,15405,0.3609,0.3649,-1.0
20120307,15406,0.3638,0.3678,-1.0
20120308,15407,0.3608,0.3648,-1.0
20120309,15408,0.3592,0.3632,-1.0
20120312,15411,0.357,0.361,-1.0
20120313,15412,0.3564,0.3604,-1.0
20120314,15413,0.3526,0.3566,-1.0
20120315,15414,0.351,0.355,-1.0
20120316,15415,0.3518,0.3558,-1.0
20120319,15418,0.3533,0.3573,-1.0
20120320,15419,0.3517,0.3557,-1.0
20120321,15420,0.3514,0.3554,-1.0
20120322,15421,0.3529,0.3569,-1.0
20120323,15422,0.3552,0.3592,-1.0
20120326,15425,0.3561,0.3601,-1.0
20120327,15426,0.3551,0.3591,-1.0
20120328,15427,0.355,0.359,-1.0
20120329,15428,0.3567,0.3607,-1.0
20120330,15429,0.3572,0.3612,-1.0
20120402,15432,0.3537,0.3577,-1.0
20120403,15433,0.3569,0.3609,-1.0
20120405,15435,0.3563,0.3603,-1.0
20120406,15436,0.3563,0.3603,-1.0
20120409,15439,0.3615,0.3655,-1.0
20120410,15440,0.362,0.366,-1.0
20120411,15441,0.3642,0.3682,-1.0
20120412,15442,0.3625,0.3665,-1.0
20120413,15443,0.3626,0.3666,-1.0
20120416,15446,0.3646,0.3686,-1.0
20120417,15447,0.3643,0.3683,-1.0
20120418,15448,0.3611,0.3651,-1.0
20120419,15449,0.3602,0.3642,-1.0
20120420,15450,0.3595,0.3635,-1.0
20120423,15453,0.362,0.366,-1.0
20120424,15454,0.3615,0.3655,-1.0
20120425,15455,0.3608,0.3648,-1.0
20120426,15456,0.36,0.364,-1.0
20120427,15457,0.3611,0.3651,-1.0
20120430,15460,0.3619,0.3659,-1.0
20120502,15462,0.3615,0.3655,-1.0
20120503,15463,0.3621,0.3661,-1.0
20120504,15464,0.3627,0.3667,-1.0
20120507,15467,0.3654,0.3694,-1.0
20120508,15468,0.3651,0.3691,-1.0
20120509,15469,0.3658,0.3698,-1.0
20120510,15470,0.3662,0.3702,-1.0
20120511,15471,0.3665,0.3705,-1.0
20120514,15474,0.3659,0.3699,-1.0
20120515,15475,0.3669,0.3709,-1.0
20120516,15476,0.3665,0.3705,-1.0
20120517,15477,0.3655,0.3695,-1.0
20120518,15478,0.3713,0.3753,-1.0
20120521,15481,0.3708,0.3748,-1.0
20120522,15482,0.3691,0.3731,-1.0
20120523,15483,0.3694,0.3734,-1.0
20120524,15484,0.3706,0.3746,-1.0
20120525,15485,0.3699,0.3739,-1.0
20120528,15488,0.371,0.375,-1.0
20120529,15489,0.3705,0.3745,-1.0
20120530,15490,0.3724,0.3764,-1.0
20120531,15491,0.3764,0.3804,-1.0
20120601,15492,0.3791,0.3831,-1.0
20120604,15495,0.3829,0.3869,-1.0
20120605,15496,0.3812,0.3852,-1.0
20120606,15497,0.3758,0.3798,-1.0
20120607,15498,0.3747,0.3787,-1.0
20120608,15499,0.376,0.38,-1.0
20120611,15502,0.3738,0.3778,-1.0
20120612,15503,0.3742,0.3782,-1.0
20120613,15504,0.3744,0.3784,-1.0
20120614,15505,0.375,0.379,-1.0
20120615,15506,0.3765,0.3805,-1.0
20120618,15509,0.3747,0.3787,-1.0
20120619,15510,0.3764,0.3804,-1.0
20120620,15511,0.3765,0.3805,-1.0
20120621,15512,0.3731,0.3771,-1.0
20120622,15513,0.3705,0.3745,-1.0
20120625,15516,0.3722,0.3762,-1.0
20120626,15517,0.3747,0.3787,-1.0
20120627,15518,0.3736,0.3776,-1.0
20120628,15519,0.3748,0.3788,-1.0
20120629,15520,0.3737,0.3777,-1.0
20120702,15523,0.3734,0.3774,-1.0
20120703,15524,0.3724,0.3764,-1.0
20120704,15525,0.3719,0.3759,-1.0
20120705,15526,0.3729,0.3769,-1.0
20120706,15527,0.3722,0.3762,-1.0
20120709,15530,0.3736,0.3776,-1.0
20120710,15531,0.3758,0.3798,-1.0
20120711,15532,0.3755,0.3795,-1.0
20120712,15533,0.3764,0.3804,-1.0
20120713,15534,0.3764,0.3804,-1.0
20120716,15537,0.3776,0.3816,-1.0
20120717,15538,0.3773,0.3813,-1.0
20120718,15539,0.3768,0.3808,-1.0
20120719,15540,0.3793,0.3833,-1.0
20120720,15541,0.3794,0.3834,-1.0
20120723,15544,0.383,0.387,-1.0
20120724,15545,0.3833,0.3873,-1.0
20120725,15546,0.3839,0.3879,-1.0
20120726,15547,0.3832,0.3872,-1.0
20120727,15548,0.3822,0.3862,-1.0
20120730,15551,0.3819,0.3859,-1.0
20120731,15552,0.3811,0.3851,-1.0
20120801,15553,0.3814,0.3854,-1.0
20120802,15554,0.3803,0.3843,-1.0
20120803,15555,0.381,0.385,-1.0
20120806,15558,0.3801,0.3841,-1.0
20120807,15559,0.38,0.384,-1.0
20120808,15560,0.3802,0.3842,-1.0
20120809,15561,0.3788,0.3828,-1.0
20120810,15562,0.3799,0.3839,-1.0
20120813,15565,0.3812,0.3852,-1.0
20120814,15566,0.3792,0.3832,-1.0
20120815,15567,0.3778,0.3818,-1.0
20120816,15568,0.3766,0.3806,-1.0
20120817,15569,0.3757,0.3797,-1.0
20120820,15572,0.3754,0.3794,-1.0
20120821,15573,0.3752,0.3792,-1.0
20120822,15574,0.3761,0.3801,-1.0
20120823,15575,0.3788,0.3828,-1.0
20120824,15576,0.3787,0.3827,-1.0
20120827,15579,0.3788,0.3828,-1.0
20120828,15580,0.3794,0.3834,-1.0
20120829,15581,0.3795,0.3835,-1.0
20120830,15582,0.3789,0.3829,-1.0
20120831,15583,0.3797,0.3837,-1.0
20120903,15586,0.3794,0.3834,-1.0
20120904,15587,0.3787,0.3827,-1.0
20120905,15588,0.3791,0.3831,-1.0
20120906,15589,0.3787,0.3827,-1.0
20120907,15590,0.3756,0.3796,-1.0
20120910,15593,0.3772,0.3812,-1.0
20120911,15594,0.3773,0.3813,-1.0
20120912,15595,0.3785,0.3825,-1.0
20120913,15596,0.3797,0.3837,-1.0
20120914,15597,0.377,0.381,-1.0
20120917,15600,0.3729,0.3769,-1.0
20120918,15601,0.3707,0.3747,-1.0
20120919,15602,0.3694,0.3734,-1.0
20120920,15603,0.3738,0.3778,-1.0
20120921,15604,0.3731,0.3771,-1.0
20120924,15607,0.3744,0.3784,-1.0
20120925,15608,0.3755,0.3795,-1.0
20120926,15609,0.3764,0.3804,-1.0
20120927,15610,0.376,0.38,-1.0
20120928,15611,0.3759,0.3799,-1.0
20121001,15614,0.3742,0.3782,-1.0
20121002,15615,0.3734,0.3774,-1.0
20121003,15616,0.3729,0.3769,-1.0
20121004,15617,0.3708,0.3748,-1.0
20121005,15618,0.3716,0.3756,-1.0
20121008,15621,0.3723,0.3763,-1.0
20121009,15622,0.3725,0.3765,-1.0
20121011,15624,0.3731,0.3771,-1.0
20121012,15625,0.3707,0.3747,-1.0
20121015,15628,0.3701,0.3741,-1.0
20121016,15629,0.3684,0.3724,-1.0
20121017,15630,0.3685,0.3725,-1.0
20121018,15631,0.3675,0.3715,-1.0
20121019,15632,0.3663,0.3703,-1.0
20121022,15635,0.3653,0.3693,-1.0
20121023,15636,0.3648,0.3688,-1.0
20121024,15637,0.365,0.369,-1.0
20121025,15638,0.3627,0.3667,-1.0
20121026,15639,0.364,0.368,-1.0
20121029,15642,0.3654,0.3694,-1.0
20121030,15643,0.366,0.37,-1.0
20121031,15644,0.3644,0.3684,-1.0
20121101,15645,0.3638,0.3678,-1.0
20121102,15646,0.3621,0.3661,-1.0
20121105,15649,0.3619,0.3659,-1.0
20121106,15650,0.3632,0.3672,-1.0
20121107,15651,0.3613,0.3653,-1.0
20121108,15652,0.3624,0.3664,-1.0
20121109,15653,0.3635,0.3675,-1.0
20121112,15656,0.3631,0.3671,-1.0
20121113,15657,0.3646,0.3686,-1.0
20121114,15658,0.3614,0.3654,-1.0
20121115,15659,0.3577,0.3617,-1.0
20121116,15660,0.3581,0.3621,-1.0
20121119,15663,0.3567,0.3607,-1.0
20121120,15664,0.3567,0.3607,-1.0
20121121,15665,0.3529,0.3569,-1.0
20121122,15666,0.3511,0.3551,-1.0
20121123,15667,0.3518,0.3558,-1.0
20121126,15670,0.3523,0.3563,-1.0
20121127,15671,0.3517,0.3557,-1.0
20121128,15672,0.3538,0.3578,-1.0
20121129,15673,0.3522,0.3562,-1.0
20121130,15674,0.3499,0.3539,-1.0
20121203,15677,0.3513,0.3553,-1.0
20121204,15678,0.3528,0.3568,-1.0
20121205,15679,0.3513,0.3553,-1.0
20121206,15680,0.3508,0.3548,-1.0
20121207,15681,0.3508,0.3548,-1.0
20121210,15684,0.3511,0.3551,-1.0
20121211,15685,0.3508,0.3548,-1.0
20121212,15686,0.3492,0.3532,-1.0
20121213,15687,0.3459,0.3499,-1.0
20121214,15688,0.3451,0.3491,-1.0
20121217,15691,0.3437,0.3477,-1.0
20121218,15692,0.344,0.348,-1.0
20121219,15693,0.3422,0.3462,-1.0
20121220,15694,0.3441,0.3481,-1.0
20121221,15695,0.3439,0.3479,-1.0
20121222,15696,0.3429,0.3469,-1.0
20121224,15698,0.3424,0.3464,-1.0
20121225,15699,0.3404,0.3444,-1.0
20121226,15700,0.3387,0.3427,-1.0
20121227,15701,0.337,0.341,-1.0
20121228,15702,0.3343,0.3383,-1.0
20130102,15707,0.3306,0.3346,-1.0
20130103,15708,0.3306,0.3346,-1.0
20130104,15709,0.3275,0.3315,-1.0
20130107,15712,0.3286,0.3326,-1.0
20130108,15713,0.33,0.334,-1.0
20130109,15714,0.3295,0.3335,-1.0
20130110,15715,0.3263,0.3303,-1.0
20130111,15716,0.3232,0.3272,-1.0
20130114,15719,0.3218,0.3258,-1.0
20130115,15720,0.3242,0.3282,-1.0
20130116,15721,0.3271,0.3311,-1.0
20130117,15722,0.325,0.329,-1.0
20130118,15723,0.3194,0.3234,-1.0
20130121,15726,0.3213,0.3253,-1.0
20130122,15727,0.3236,0.3276,-1.0
20130123,15728,0.3266,0.3306,-1.0
20130124,15729,0.323,0.327,-1.0
20130125,15730,0.32,0.324,-1.0
20130128,15733,0.3236,0.3276,-1.0
20130129,15734,0.3241,0.3281,-1.0
20130130,15735,0.322,0.326,-1.0
20130131,15736,0.3229,0.3269,-1.0
20130201,15737,0.3194,0.3234,-1.0
20130204,15740,0.3165,0.3205,-1.0
20130205,15741,0.3181,0.3221,-1.0
20130206,15742,0.3131,0.3171,-1.0
20130207,15743,0.3138,0.3178,-1.0
20130208,15744,0.3182,0.3222,-1.0
20130218,15754,0.3132,0.3172,-1.0
20130219,15755,0.3148,0.3188,-1.0
20130220,15756,0.3148,0.3188,-1.0
20130221,15757,0.3152,0.3192,-1.0
20130222,15758,0.3155,0.3195,-1.0
20130223,15759,0.315,0.319,-1.0
20130225,15761,0.3135,0.3175,-1.0
20130226,15762,0.3214,0.3254,-1.0
20130227,15763,0.3211,0.3251,-1.0
20130301,15765,0.3178,0.3218,-1.0
20130304,15768,0.3158,0.3198,-1.0
20130305,15769,0.3166,0.3206,-1.0
20130306,15770,0.3155,0.3195,-1.0
20130307,15771,0.3135,0.3175,-1.0
20130308,15772,0.3091,0.3131,-1.0
20130311,15775,0.3071,0.3111,-1.0
20130312,15776,0.3059,0.3099,-1.0
20130313,15777,0.3085,0.3125,-1.0
20130314,15778,0.3067,0.3107,-1.0
20130315,15779,0.3074,0.3114,-1.0
20130318,15782,0.312,0.316,-1.0
20130319,15783,0.3096,0.3136,-1.0
20130320,15784,0.3107,0.3147,-1.0
20130321,15785,0.3087,0.3127,-1.0
20130322,15786,0.3139,0.3179,-1.0
20130325,15789,0.3135,0.3175,-1.0
20130326,15790,0.3147,0.3187,-1.0
20130327,15791,0.3137,0.3177,-1.0
20130328,15792,0.3157,0.3197,-1.0
20130329,15793,0.3152,0.3192,-1.0
20130401,15796,0.3177,0.3217,-1.0
20130402,15797,0.3198,0.3238,-1.0
20130403,15798,0.3179,0.3219,-1.0
20130408,15803,0.3017,0.3057,-1.0
20130409,15804,0.3011,0.3051,-1.0
20130410,15805,0.2996,0.3036,-1.0
20130411,15806,0.2984,0.3024,-1.0
20130412,15807,0.2997,0.3037,-1.0
20130415,15810,0.3027,0.3067,-1.0
20130416,15811,0.3041,0.3081,-1.0
20130417,15812,0.3026,0.3066,-1.0
20130418,15813,0.303,0.307,-1.0
20130419,15814,0.2979,0.3019,-1.0
20130422,15817,0.2968,0.3008,-1.0
20130423,15818,0.3005,0.3045,-1.0
20130424,15819,0.2973,0.3013,-1.0
20130425,15820,0.2974,0.3014,-1.0
20130426,15821,0.2988,0.3028,-1.0
20130429,15824,0.2996,0.3036,-1.0
20130430,15825,0.3,0.304,-1.0
20130502,15827,0.3019,0.3059,-1.0
20130503,15828,0.2986,0.3026,-1.0
20130506,15831,0.2952,0.2992,-1.0
20130507,15832,0.2959,0.2999,-1.0
20130508,15833,0.2954,0.2994,-1.0
20130509,15834,0.2955,0.2995,-1.0
20130510,15835,0.2903,0.2943,-1.0
20130513,15838,0.2915,0.2955,-1.0
20130514,15839,0.2919,0.2959,-1.0
20130515,15840,0.2897,0.2937,-1.0
20130516,15841,0.2905,0.2945,-1.0
20130517,15842,0.2903,0.2943,-1.0
20130520,15845,0.2907,0.2947,-1.0
20130521,15846,0.2885,0.2925,-1.0
20130522,15847,0.2879,0.2919,-1.0
20130523,15848,0.2918,0.2958,-1.0
20130524,15849,0.2923,0.2963,-1.0
20130527,15852,0.2937,0.2977,-1.0
20130528,15853,0.2909,0.2949,-1.0
20130529,15854,0.2927,0.2967,-1.0
20130530,15855,0.2952,0.2992,-1.0
20130531,15856,0.2954,0.2994,-1.0
20130603,15859,0.2968,0.3008,-1.0
20130604,15860,0.296,0.3,-1.0
20130605,15861,0.2966,0.3006,-1.0
20130606,15862,0.2981,0.3021,-1.0
20130607,15863,0.3057,0.3097,-1.0
20130610,15866,0.301,0.305,-1.0
20130611,15867,0.3048,0.3088,-1.0
20130613,15869,0.3154,0.3194,-1.0
20130614,15870,0.312,0.316,-1.0
20130617,15873,0.3124,0.3164,-1.0
20130618,15874,0.3125,0.3165,-1.0
20130619,15875,0.3123,0.3163,-1.0
20130620,15876,0.3037,0.3077,-1.0
20130621,15877,0.3051,0.3091,-1.0
20130624,15880,0.3048,0.3088,-1.0
20130625,15881,0.3071,0.3111,-1.0
20130626,15882,0.3068,0.3108,-1.0
20130627,15883,0.3037,0.3077,-1.0
20130628,15884,0.3016,0.3056,-1.0
20130701,15887,0.2991,0.3031,-1.0
20130702,15888,0.2988,0.3028,-1.0
20130703,15889,0.2982,0.3022,-1.0
20130704,15890,0.2992,0.3032,-1.0
20130705,15891,0.2975,0.3015,-1.0
20130708,15894,0.296,0.3,-1.0
20130709,15895,0.2955,0.2995,-1.0
20130710,15896,0.297,0.301,-1.0
20130711,15897,0.2997,0.3037,-1.0
20130712,15898,0.2995,0.3035,-1.0
20130715,15901,0.2986,0.3026,-1.0
20130716,15902,0.2981,0.3021,-1.0
20130717,15903,0.2977,0.3017,-1.0
20130718,15904,0.2968,0.3008,-1.0
20130719,15905,0.2966,0.3006,-1.0
20130722,15908,0.2973,0.3013,-1.0
20130723,15909,0.2988,0.3028,-1.0
20130724,15910,0.2973,0.3013,-1.0
20130725,15911,0.2972,0.3012,-1.0
20130726,15912,0.3011,0.3051,-1.0
20130729,15915,0.3037,0.3077,-1.0
20130730,15916,0.3032,0.3072,-1.0
20130731,15917,0.305,0.309,-1.0
20130801,15918,0.3023,0.3063,-1.0
20130802,15919,0.2993,0.3033,-1.0
20130805,15922,0.3024,0.3064,-1.0
20130806,15923,0.3025,0.3065,-1.0
20130807,15924,0.3075,0.3115,-1.0
20130808,15925,0.3086,0.3126,-1.0
20130809,15926,0.3077,0.3117,-1.0
20130812,15929,0.3075,0.3115,-1.0
20130813,15930,0.3045,0.3085,-1.0
20130814,15931,0.3033,0.3073,-1.0
20130815,15932,0.3039,0.3079,-1.0
20130816,15933,0.3057,0.3097,-1.0
20130819,15936,0.305,0.309,-1.0
20130820,15937,0.3071,0.3111,-1.0
20130821,15938,0.3063,0.3103,-1.0
20130822,15939,0.3034,0.3074,-1.0
20130823,15940,0.3009,0.3049,-1.0
20130826,15943,0.3022,0.3062,-1.0
20130827,15944,0.3046,0.3086,-1.0
20130828,15945,0.3056,0.3096,-1.0
20130829,15946,0.3033,0.3073,-1.0
20130830,15947,0.3033,0.3073,-1.0
20130902,15950,0.2982,0.3022,-1.0
20130903,15951,0.2975,0.3015,-1.0
20130904,15952,0.2972,0.3012,-1.0
20130905,15953,0.297,0.301,-1.0
20130906,15954,0.2972,0.3012,-1.0
20130909,15957,0.2967,0.3007,-1.0
20130910,15958,0.2946,0.2986,-1.0
20130911,15959,0.2947,0.2987,-1.0
20130912,15960,0.2964,0.3004,-1.0
20130913,15961,0.2964,0.3004,-1.0
20130914,15962,0.2976,0.3016,-1.0
20130916,15964,0.2983,0.3023,-1.0
20130917,15965,0.2972,0.3012,-1.0
20130918,15966,0.2977,0.3017,-1.0
20130923,15971,0.2967,0.3007,-1.0
20130924,15972,0.2963,0.3003,-1.0
20130925,15973,0.298,0.302,-1.0
20130926,15974,0.2971,0.3011,-1.0
20130927,15975,0.2977,0.3017,-1.0
20130930,15978,0.3005,0.3045,-1.0
20131001,15979,0.2997,0.3037,-1.0
20131002,15980,0.3013,0.3053,-1.0
20131003,15981,0.2987,0.3027,-1.0
20131004,15982,0.3004,0.3044,-1.0
20131007,15985,0.302,0.306,-1.0
20131008,15986,0.3009,0.3049,-1.0
20131009,15987,0.3005,0.3045,-1.0
20131011,15989,0.2974,0.3014,-1.0
20131014,15992,0.2974,0.3014,-1.0
20131015,15993,0.2966,0.3006,-1.0
20131016,15994,0.2972,0.3012,-1.0
20131017,15995,0.2982,0.3022,-1.0
20131018,15996,0.2983,0.3023,-1.0
20131021,15999,0.298,0.302,-1.0
20131022,16000,0.2972,0.3012,-1.0
20131023,16001,0.2999,0.3039,-1.0
20131024,16002,0.2999,0.3039,-1.0
20131025,16003,0.301,0.305,-1.0
20131028,16006,0.2995,0.3035,-1.0
20131029,16007,0.2998,0.3038,-1.0
20131030,16008,0.2972,0.3012,-1.0
20131031,16009,0.297,0.301,-1.0
20131101,16010,0.2979,0.3019,-1.0
20131104,16013,0.2964,0.3004,-1.0
20131105,16014,0.2971,0.3011,-1.0
20131106,16015,0.2963,0.3003,-1.0
20131107,16016,0.2963,0.3003,-1.0
20131108,16017,0.2978,0.3018,-1.0
20131111,16020,0.2966,0.3006,-1.0
20131112,16021,0.2947,0.2987,-1.0
20131113,16022,0.2952,0.2992,-1.0
20131114,16023,0.2945,0.2985,-1.0
20131115,16024,0.2932,0.2972,-1.0
20131118,16027,0.2933,0.2973,-1.0
20131119,16028,0.2933,0.2973,-1.0
20131120,16029,0.2932,0.2972,-1.0
20131121,16030,0.2914,0.2954,-1.0
20131122,16031,0.2908,0.2948,-1.0
20131125,16034,0.2889,0.2929,-1.0
20131126,16035,0.2898,0.2938,-1.0
20131127,16036,0.2894,0.2934,-1.0
20131128,16037,0.2878,0.2918,-1.0
20131129,16038,0.2877,0.2917,-1.0
20131202,16041,0.2863,0.2903,-1.0
20131203,16042,0.2854,0.2894,-1.0
20131204,16043,0.2862,0.2902,-1.0
20131205,16044,0.2884,0.2924,-1.0
20131206,16045,0.288,0.292,-1.0
20131209,16048,0.2852,0.2892,-1.0
20131210,16049,0.2845,0.2885,-1.0
20131211,16050,0.2869,0.2909,-1.0
20131212,16051,0.2861,0.2901,-1.0
20131213,16052,0.284,0.288,-1.0
20131216,16055,0.2863,0.2903,-1.0
20131217,16056,0.286,0.29,-1.0
20131218,16057,0.2864,0.2904,-1.0
20131219,16058,0.2851,0.2891,-1.0
20131220,16059,0.2846,0.2886,-1.0
20131223,16062,0.2863,0.2903,-1.0
20131224,16063,0.2859,0.2899,-1.0
20131225,16064,0.2852,0.2892,-1.0
20131226,16065,0.2845,0.2885,-1.0
20131227,16066,0.2843,0.2883,-1.0
20131230,16069,0.2821,0.2861,-1.0
20131231,16070,0.2831,0.2871,-1.0
20140102,16072,0.2821,0.2861,-1.0
20140103,16073,0.285,0.289,-1.0
20140106,16076,0.2859,0.2899,-1.0
20140107,16077,0.2861,0.2901,-1.0
20140108,16078,0.2849,0.2889,-1.0
20140109,16079,0.2851,0.2891,-1.0
20140110,16080,0.2845,0.2885,-1.0
20140113,16083,0.2884,0.2924,-1.0
20140114,16084,0.2886,0.2926,-1.0
20140115,16085,0.2867,0.2907,-1.0
20140116,16086,0.2854,0.2894,-1.0
20140117,16087,0.2867,0.2907,-1.0
20140120,16090,0.2875,0.2915,-1.0
20140121,16091,0.2862,0.2902,-1.0
20140122,16092,0.287,0.291,-1.0
20140123,16093,0.2881,0.2921,-1.0
20140124,16094,0.2915,0.2955,-1.0
20140127,16097,0.2944,0.2984,-1.0
20140128,16098,0.2936,0.2976,-1.0
20140129,16099,0.292,0.296,-1.0
20140205,16106,0.2983,0.3023,-1.0
20140206,16107,0.2966,0.3006,-1.0
20140207,16108,0.2946,0.2986,-1.0
20140210,16111,0.2949,0.2989,-1.0
20140211,16112,0.2947,0.2987,-1.0
20140212,16113,0.2938,0.2978,-1.0
20140213,16114,0.295,0.299,-1.0
20140214,16115,0.2956,0.2996,-1.0
20140217,16118,0.2953,0.2993,-1.0
20140218,16119,0.2935,0.2975,-1.0
20140219,16120,0.2947,0.2987,-1.0
20140220,16121,0.2957,0.2997,-1.0
20140221,16122,0.2937,0.2977,-1.0
20140224,16125,0.2947,0.2987,-1.0
20140225,16126,0.2946,0.2986,-1.0
20140226,16127,0.2941,0.2981,-1.0
20140227,16128,0.2941,0.2981,-1.0
20140303,16132,0.297,0.301,-1.0
20140304,16133,0.2955,0.2995,-1.0
20140305,16134,0.2943,0.2983,-1.0
20140306,16135,0.2927,0.2967,-1.0
20140307,16136,0.2921,0.2961,-1.0
20140310,16139,0.2919,0.2959,-1.0
20140311,16140,0.2913,0.2953,-1.0
20140312,16141,0.2928,0.2968,-1.0
20140313,16142,0.2936,0.2976,-1.0
20140314,16143,0.296,0.3,-1.0
20140317,16146,0.2967,0.3007,-1.0
20140318,16147,0.2964,0.3004,-1.0
20140319,16148,0.2974,0.3014,-1.0
20140320,16149,0.2963,0.3003,-1.0
20140321,16150,0.2978,0.3018,-1.0
20140324,16153,0.2962,0.3002,-1.0
20140325,16154,0.2975,0.3015,-1.0
20140326,16155,0.2966,0.3006,-1.0
20140327,16156,0.297,0.301,-1.0
20140328,16157,0.2966,0.3006,-1.0
20140331,16160,0.294,0.298,-1.0
20140401,16161,0.292,0.296,-1.0
20140402,16162,0.2897,0.2937,-1.0
20140403,16163,0.2894,0.2934,-1.0
20140407,16167,0.2913,0.2953,-1.0
20140408,16168,0.2926,0.2966,-1.0
20140409,16169,0.293,0.297,-1.0
20140410,16170,0.2929,0.2969,-1.0
20140411,16171,0.2941,0.2981,-1.0
20140414,16174,0.295,0.299,-1.0
20140415,16175,0.2943,0.2983,-1.0
20140416,16176,0.2931,0.2971,-1.0
20140417,16177,0.2937,0.2977,-1.0
20140418,16178,0.2928,0.2968,-1.0
20140421,16181,0.2929,0.2969,-1.0
20140422,16182,0.2935,0.2975,-1.0
20140423,16183,0.2934,0.2974,-1.0
20140424,16184,0.2936,0.2976,-1.0
20140425,16185,0.294,0.298,-1.0
20140428,16188,0.294,0.298,-1.0
20140429,16189,0.2923,0.2963,-1.0
20140430,16190,0.2926,0.2966,-1.0
20140502,16192,0.2924,0.2964,-1.0
20140505,16195,0.2929,0.2969,-1.0
20140506,16196,0.2934,0.2974,-1.0
20140507,16197,0.2948,0.2988,-1.0
20140508,16198,0.2938,0.2978,-1.0
20140509,16199,0.2942,0.2982,-1.0
20140512,16202,0.294,0.298,-1.0
20140513,16203,0.2929,0.2969,-1.0
20140514,16204,0.2947,0.2987,-1.0
20140515,16205,0.2937,0.2977,-1.0
20140516,16206,0.295,0.299,-1.0
20140519,16209,0.2953,0.2993,-1.0
20140520,16210,0.2955,0.2995,-1.0
20140521,16211,0.2968,0.3008,-1.0
20140522,16212,0.2947,0.2987,-1.0
20140523,16213,0.294,0.298,-1.0
20140526,16216,0.2933,0.2973,-1.0
20140527,16217,0.294,0.298,-1.0
20140528,16218,0.2935,0.2975,-1.0
20140529,16219,0.2939,0.2979,-1.0
20140530,16220,0.2936,0.2976,-1.0
20140603,16224,0.2913,0.2953,-1.0
20140604,16225,0.2908,0.2948,-1.0
20140605,16226,0.2909,0.2949,-1.0
20140606,16227,0.2921,0.2961,-1.0
20140609,16230,0.2909,0.2949,-1.0
20140610,16231,0.2915,0.2955,-1.0
20140611,16232,0.2913,0.2953,-1.0
20140612,16233,0.2919,0.2959,-1.0
20140613,16234,0.293,0.297,-1.0
20140616,16237,0.2924,0.2964,-1.0
20140617,16238,0.292,0.296,-1.0
20140618,16239,0.2916,0.2956,-1.0
20140619,16240,0.2925,0.2965,-1.0
20140620,16241,0.2924,0.2964,-1.0
20140623,16244,0.2924,0.2964,-1.0
20140624,16245,0.292,0.296,-1.0
20140625,16246,0.2924,0.2964,-1.0
20140626,16247,0.2923,0.2963,-1.0
20140627,16248,0.2929,0.2969,-1.0
20140630,16251,0.2925,0.2965,-1.0
20140701,16252,0.2925,0.2965,-1.0
20140702,16253,0.2922,0.2962,-1.0
20140703,16254,0.2912,0.2952,-1.0
20140704,16255,0.291,0.295,-1.0
20140707,16258,0.2912,0.2952,-1.0
20140708,16259,0.2917,0.2957,-1.0
20140709,16260,0.2921,0.2961,-1.0
20140710,16261,0.2926,0.2966,-1.0
20140711,16262,0.2934,0.2974,-1.0
20140714,16265,0.2931,0.2971,-1.0
20140715,16266,0.2933,0.2973,-1.0
20140716,16267,0.2937,0.2977,-1.0
20140717,16268,0.2939,0.2979,-1.0
20140718,16269,0.2937,0.2977,-1.0
20140721,16272,0.2942,0.2982,-1.0
20140722,16273,0.2935,0.2975,-1.0
20140724,16275,0.2936,0.2976,-1.0
20140725,16276,0.2923,0.2963,-1.0
20140728,16279,0.2924,0.2964,-1.0
20140729,16280,0.2919,0.2959,-1.0
20140730,16281,0.2916,0.2956,-1.0
20140731,16282,0.2896,0.2936,-1.0
20140801,16283,0.2894,0.2934,-1.0
20140804,16286,0.2903,0.2943,-1.0
20140805,16287,0.2903,0.2943,-1.0
20140806,16288,0.2907,0.2947,-1.0
20140807,16289,0.2914,0.2954,-1.0
20140808,16290,0.2936,0.2976,-1.0
20140811,16293,0.292,0.296,-1.0
20140812,16294,0.2914,0.2954,-1.0
20140813,16295,0.291,0.295,-1.0
20140814,16296,0.2908,0.2948,-1.0
20140815,16297,0.2907,0.2947,-1.0
20140818,16300,0.2907,0.2947,-1.0
20140819,16301,0.2904,0.2944,-1.0
20140820,16302,0.2883,0.2923,-1.0
20140821,16303,0.287,0.291,-1.0
20140822,16304,0.287,0.291,-1.0
20140825,16307,0.2859,0.2899,-1.0
20140826,16308,0.2866,0.2906,-1.0
20140827,16309,0.2859,0.2899,-1.0
20140828,16310,0.2861,0.2901,-1.0
20140829,16311,0.286,0.29,-1.0
20140901,16314,0.2849,0.2889,-1.0
20140902,16315,0.2834,0.2874,-1.0
20140903,16316,0.2831,0.2871,-1.0
20140904,16317,0.283,0.287,-1.0
20140905,16318,0.2823,0.2863,-1.0
20140909,16322,0.2798,0.2838,-1.0
20140910,16323,0.2791,0.2831,-1.0
20140911,16324,0.2788,0.2828,-1.0
20140912,16325,0.2779,0.2819,-1.0
20140915,16328,0.2782,0.2822,-1.0
20140916,16329,0.2795,0.2835,-1.0
20140917,16330,0.2788,0.2828,-1.0
20140918,16331,0.2765,0.2805,-1.0
20140919,16332,0.275,0.279,-1.0
20140922,16335,0.2756,0.2796,-1.0
20140923,16336,0.2768,0.2808,-1.0
20140924,16337,0.2765,0.2805,-1.0
20140925,16338,0.2752,0.2792,-1.0
20140926,16339,0.2759,0.2799,-1.0
20140929,16342,0.2762,0.2802,-1.0
20140930,16343,0.2761,0.2801,-1.0
20141001,16344,0.2752,0.2792,-1.0
20141002,16345,0.2775,0.2815,-1.0
20141003,16346,0.2776,0.2816,-1.0
