20060102,13150,32.76,32.86,-1.0,0,4.74052930187
20060103,13151,32.59,32.69,-1.0,0,0.035
20060104,13152,32.35,32.45,-1.0,0,0.123333333333
20060105,13153,31.96,32.06,-1.0,0,0.521
20060106,13154,32.14,32.24,-1.0,0,0.198571428571
20060109,13157,31.9,32.0,-1.0,0,0.168
20060110,13158,31.97,32.07,-1.0,0,0.01
20060111,13159,32.02,32.12,-1.0,0,0.138333333333
20060112,13160,31.83,31.93,-1.0,0,0.899811320755
20060113,13161,31.94,32.04,-1.0,0,0.0975
20060116,13164,31.88,31.98,-1.0,0,0.0985714285714
20060117,13165,31.95,32.05,-1.0,0,0.025
20060118,13166,32.07,32.17,-1.0,0,0.05
20060119,13167,32.09,32.19,-1.0,0,0.2012
20060120,13168,32.07,32.17,-1.0,0,0.02
20060123,13171,31.93,32.03,-1.0,0,0.0466666666667
20060124,13172,31.93,32.03,-1.0,0,0.005
20060125,13173,31.92,32.02,-1.0,0,0.153333333333
20060126,13174,31.92,32.02,-1.0,0,0.005
20060127,13175,31.93,32.03,-1.0,0,0.0166666666667
20060203,13182,32.04,32.14,-1.0,0,0.03
20060206,13185,32.04,32.14,-1.0,0,0.259512195122
20060207,13186,32.18,32.28,-1.0,0,0.01
20060208,13187,32.3,32.4,-1.0,0,0.04
20060209,13188,32.37,32.47,-1.0,0,0.225
20060210,13189,32.21,32.31,-1.0,0,0.158181818182
20060213,13192,32.32,32.42,-1.0,0,0.068
20060214,13193,32.25,32.35,-1.0,0,0.0742857142857
20060215,13194,32.3,32.4,-1.0,0,0.0
20060216,13195,32.35,32.45,-1.0,0,0.0666666666667
20060217,13196,32.34,32.44,-1.0,0,0.01
20060220,13199,32.35,32.45,-1.0,0,0.214615384615
20060221,13200,32.43,32.53,-1.0,0,0.045
20060222,13201,32.6,32.7,-1.0,0,0.509479166667
20060223,13202,32.52,32.62,-1.0,0,7.1054273576e-15
20060224,13203,32.44,32.54,-1.0,0,0.08
20060227,13206,32.4,32.5,-1.0,0,0.0642857142857
20060301,13208,32.23,32.33,-1.0,0,0.349636363636
20060302,13209,32.26,32.36,-1.0,0,0.03
20060303,13210,32.35,32.45,-1.0,0,0.0485714285714
20060306,13213,32.42,32.52,-1.0,0,0.02
20060307,13214,32.47,32.57,-1.0,0,0.016
20060308,13215,32.48,32.58,-1.0,0,0.194736842105
20060309,13216,32.47,32.57,-1.0,0,0.0
20060310,13217,32.46,32.56,-1.0,0,0.008
20060313,13220,32.45,32.55,-1.0,0,0.0628571428571
20060314,13221,32.38,32.48,-1.0,0,0.02
20060315,13222,32.35,32.45,-1.0,0,0.0716666666667
20060316,13223,32.39,32.49,-1.0,0,0.034
20060317,13224,32.38,32.48,-1.0,0,0.0075
20060320,13227,32.38,32.48,-1.0,0,0.172173913043
20060321,13228,32.45,32.55,-1.0,0,0.005
20060322,13229,32.51,32.61,-1.0,0,0.03
20060323,13230,32.53,32.63,-1.0,0,0.03
20060324,13231,32.62,32.72,-1.0,0,0.289375
20060327,13234,32.52,32.62,-1.0,0,0.058
20060328,13235,32.53,32.63,-1.0,0,0.005
20060329,13236,32.55,32.65,-1.0,0,0.08
20060330,13237,32.49,32.59,-1.0,0,0.01
20060331,13238,32.41,32.51,-1.0,0,0.154
20060403,13241,32.54,32.64,-1.0,0,0.181538461538
20060404,13242,32.43,32.53,-1.0,0,0.0233333333333
20060406,13244,32.28,32.38,-1.0,0,0.2464
20060407,13245,32.28,32.38,-1.0,0,0.0175
20060410,13248,32.35,32.45,-1.0,0,0.0633333333333
20060411,13249,32.4,32.5,-1.0,0,0.015
20060412,13250,32.48,32.58,-1.0,0,0.12
20060413,13251,32.44,32.54,-1.0,0,0.026
20060414,13252,32.43,32.53,-1.0,0,0.0025
20060417,13255,32.41,32.51,-1.0,0,0.0366666666667
20060418,13256,32.44,32.54,-1.0,0,0.89734375
20060419,13257,32.36,32.46,-1.0,0,0.01
20060420,13258,32.26,32.36,-1.0,0,0.06
20060421,13259,32.26,32.36,-1.0,0,0.07
20060424,13262,31.94,32.04,-1.0,0,0.186363636364
20060425,13263,31.94,32.04,-1.0,0,0.03
20060426,13264,32.0,32.1,-1.0,0,0.14125
20060427,13265,31.87,31.97,-1.0,0,0.0833333333333
20060428,13266,31.86,31.96,-1.0,0,0.02
20060502,13270,31.72,31.82,-1.0,0,0.0885714285714
20060503,13271,31.57,31.67,-1.0,0,0.118888888889
20060504,13272,31.64,31.74,-1.0,0,0.055
20060505,13273,31.6,31.7,-1.0,0,0.1025
20060508,13276,31.33,31.43,-1.0,0,0.162307692308
20060509,13277,31.45,31.55,-1.0,0,0.109285714286
20060510,13278,31.29,31.39,-1.0,0,1.53358974359
20060511,13279,31.41,31.51,-1.0,0,0.09
20060512,13280,31.35,31.45,-1.0,0,0.0966666666667
20060515,13283,31.59,31.69,-1.0,0,0.0675
20060516,13284,31.76,31.86,-1.0,0,0.272857142857
20060517,13285,31.52,31.62,-1.0,0,0.236666666667
20060518,13286,31.8,31.9,-1.0,0,0.166
20060519,13287,31.9,32.0,-1.0,0,0.0275
20060522,13290,32.09,32.19,-1.0,0,0.334117647059
20060523,13291,31.94,32.04,-1.0,0,0.144666666667
20060524,13292,31.96,32.06,-1.0,0,0.035
20060525,13293,32.05,32.15,-1.0,0,0.1
20060526,13294,31.99,32.09,-1.0,0,0.04
20060529,13297,31.97,32.07,-1.0,0,0.0666666666667
20060530,13298,31.97,32.07,-1.0,0,0.0233333333333
20060601,13300,32.04,32.14,-1.0,0,0.055
20060602,13301,32.03,32.13,-1.0,0,0.0
20060605,13304,32.0,32.1,-1.0,0,0.016
20060606,13305,32.01,32.11,-1.0,0,0.434545454545
20060607,13306,32.17,32.27,-1.0,0,0.065
20060608,13307,32.46,32.56,-1.0,0,0.278571428571
20060609,13308,32.39,32.49,-1.0,0,0.1
20060612,13311,32.49,32.59,-1.0,0,0.065
20060613,13312,32.61,32.71,-1.0,0,0.887272727273
20060614,13313,32.54,32.64,-1.0,0,0.01
20060615,13314,32.49,32.59,-1.0,0,0.005
20060616,13315,32.43,32.53,-1.0,0,0.196153846154
20060619,13318,32.55,32.65,-1.0,0,0.04
20060620,13319,32.55,32.65,-1.0,0,0.0133333333333
20060621,13320,32.58,32.68,-1.0,0,0.01
20060622,13321,32.59,32.69,-1.0,0,0.0371428571429
20060623,13322,32.66,32.76,-1.0,0,0.055
20060626,13325,32.68,32.78,-1.0,0,0.33
20060627,13326,32.62,32.72,-1.0,0,0.02
20060628,13327,32.6,32.7,-1.0,0,0.01
20060629,13328,32.56,32.66,-1.0,0,0.1425
20060630,13329,32.33,32.43,-1.0,0,0.105
20060703,13332,32.25,32.35,-1.0,0,0.025
20060704,13333,32.19,32.29,-1.0,0,0.532
20060705,13334,32.34,32.44,-1.0,0,0.04
20060706,13335,32.41,32.51,-1.0,0,0.186666666667
20060707,13336,32.35,32.45,-1.0,0,0.03
20060710,13339,32.29,32.39,-1.0,0,0.164
20060711,13340,32.4,32.5,-1.0,0,0.035
20060712,13341,32.44,32.54,-1.0,0,0.025
20060713,13342,32.53,32.63,-1.0,0,0.01
20060714,13343,32.64,32.74,-1.0,0,0.101111111111
20060717,13346,32.81,32.91,-1.0,0,0.044
20060718,13347,32.81,32.91,-1.0,0,0.02
20060719,13348,32.85,32.95,-1.0,0,0.499393939394
20060720,13349,32.69,32.79,-1.0,0,0.156
20060721,13350,32.7,32.8,-1.0,0,0.02
20060724,13353,32.81,32.91,-1.0,0,0.103157894737
20060725,13354,32.74,32.84,-1.0,0,0.065
20060726,13355,32.8,32.9,-1.0,0,0.0566666666667
20060727,13356,32.71,32.81,-1.0,0,0.092
20060728,13357,32.74,32.84,-1.0,0,0.03
20060731,13360,32.71,32.81,-1.0,0,0.0733333333333
20060801,13361,32.77,32.87,-1.0,0,0.005
20060802,13362,32.82,32.92,-1.0,0,0.08
20060803,13363,32.82,32.92,-1.0,0,0.0
20060804,13364,32.82,32.92,-1.0,0,0.028
20060807,13367,32.75,32.85,-1.0,0,0.0283333333333
20060808,13368,32.77,32.87,-1.0,0,0.210909090909
20060809,13369,32.74,32.84,-1.0,0,0.09
20060810,13370,32.53,32.63,-1.0,0,0.424761904762
20060811,13371,32.59,32.69,-1.0,0,0.0175
20060814,13374,32.7,32.8,-1.0,0,0.026
20060815,13375,32.71,32.81,-1.0,0,0.13
20060816,13376,32.69,32.79,-1.0,0,0.045
20060817,13377,32.58,32.68,-1.0,0,0.106666666667
20060818,13378,32.61,32.71,-1.0,0,0.015
20060821,13381,32.64,32.74,-1.0,0,0.0977777777778
20060822,13382,32.71,32.81,-1.0,0,0.02
20060823,13383,32.73,32.83,-1.0,0,0.0233333333333
20060824,13384,32.8,32.9,-1.0,0,0.015
20060825,13385,32.84,32.94,-1.0,0,0.0685714285714
20060828,13388,32.87,32.97,-1.0,0,0.202127659574
20060829,13389,32.82,32.92,-1.0,0,0.0466666666667
20060830,13390,32.86,32.96,-1.0,0,0.02
20060831,13391,32.86,32.96,-1.0,0,0.0628571428571
20060901,13392,32.83,32.93,-1.0,0,0.01
20060904,13395,32.7,32.8,-1.0,0,0.174827586207
20060905,13396,32.71,32.81,-1.0,0,0.03
20060906,13397,32.76,32.86,-1.0,0,0.005
20060907,13398,32.82,32.92,-1.0,0,0.0471428571429
20060908,13399,32.83,32.93,-1.0,0,0.0025
20060911,13402,32.87,32.97,-1.0,0,0.109545454545
20060912,13403,32.86,32.96,-1.0,0,0.005
20060913,13404,32.84,32.94,-1.0,0,0.04
20060914,13405,32.87,32.97,-1.0,0,0.005
20060915,13406,32.89,32.99,-1.0,0,0.032
20060918,13409,32.88,32.98,-1.0,0,0.015
20060919,13410,32.85,32.95,-1.0,0,0.0166666666667
20060920,13411,32.86,32.96,-1.0,0,0.015
20060921,13412,32.84,32.94,-1.0,0,0.0433333333333
20060922,13413,32.89,32.99,-1.0,0,0.04
20060925,13416,32.89,32.99,-1.0,0,0.0
20060926,13417,32.89,32.99,-1.0,0,0.185806451613
20060927,13418,32.91,33.01,-1.0,0,0.01
20060928,13419,32.95,33.05,-1.0,0,0.0466666666667
20060929,13420,33.05,33.15,-1.0,0,0.088
20061002,13423,33.08,33.18,-1.0,0,0.035
20061003,13424,33.01,33.11,-1.0,0,0.0566666666667
20061004,13425,33.07,33.17,-1.0,0,0.045
20061005,13426,33.04,33.14,-1.0,0,0.11
20061011,13432,33.25,33.35,-1.0,0,1.40733870968
20061012,13433,33.19,33.29,-1.0,0,0.025
20061013,13434,33.08,33.18,-1.0,0,0.166
20061014,13435,33.12,33.22,-1.0,0,0.00666666666667
20061016,13437,33.18,33.28,-1.0,0,0.0525
20061017,13438,33.11,33.21,-1.0,0,0.08
20061018,13439,33.13,33.23,-1.0,0,7.1054273576e-15
20061019,13440,33.15,33.25,-1.0,0,0.00666666666667
20061020,13441,33.16,33.26,-1.0,0,0.005
20061023,13444,33.22,33.32,-1.0,0,0.01
20061024,13445,33.26,33.36,-1.0,0,0.015
20061025,13446,33.27,33.37,-1.0,0,0.103333333333
20061026,13447,33.22,33.32,-1.0,0,0.03
20061027,13448,33.24,33.34,-1.0,0,0.0325
20061030,13451,33.17,33.27,-1.0,0,0.05
20061031,13452,33.21,33.31,-1.0,0,0.305454545455
20061101,13453,33.12,33.22,-1.0,0,0.0233333333333
20061102,13454,32.98,33.08,-1.0,0,0.015
20061103,13455,32.87,32.97,-1.0,0,0.217692307692
20061106,13458,32.9,33.0,-1.0,0,0.087
20061107,13459,32.79,32.89,-1.0,0,0.0785714285714
20061108,13460,32.82,32.92,-1.0,0,0.02
20061109,13461,32.81,32.91,-1.0,0,0.0566666666667
20061110,13462,32.76,32.86,-1.0,0,0.0175
20061113,13465,32.68,32.78,-1.0,0,0.273
20061114,13466,32.71,32.81,-1.0,0,0.01
20061115,13467,32.76,32.86,-1.0,0,0.00666666666667
20061116,13468,32.79,32.89,-1.0,0,0.04
20061117,13469,32.88,32.98,-1.0,0,0.08
20061120,13472,32.89,32.99,-1.0,0,0.374545454545
20061121,13473,32.82,32.92,-1.0,0,0.005
20061122,13474,32.76,32.86,-1.0,0,0.065
20061123,13475,32.74,32.84,-1.0,0,0.03
20061124,13476,32.78,32.88,-1.0,0,0.0633333333333
20061127,13479,32.65,32.75,-1.0,0,0.0175
20061128,13480,32.63,32.73,-1.0,0,0.154545454545
20061129,13481,32.45,32.55,-1.0,0,0.0766666666667
20061130,13482,32.38,32.48,-1.0,0,0.005
20061201,13483,32.32,32.42,-1.0,0,0.0933333333333
20061204,13486,32.35,32.45,-1.0,0,0.09
20061205,13487,32.24,32.34,-1.0,0,0.981052631579
20061206,13488,32.25,32.35,-1.0,0,0.01
20061207,13489,32.24,32.34,-1.0,0,0.0644444444444
20061208,13490,32.34,32.44,-1.0,0,0.0585714285714
20061211,13493,32.44,32.54,-1.0,0,0.022
20061212,13494,32.44,32.54,-1.0,0,0.015
20061213,13495,32.47,32.57,-1.0,0,0.0283333333333
20061214,13496,32.53,32.63,-1.0,0,0.0753846153846
20061215,13497,32.54,32.64,-1.0,0,0.005
20061218,13500,32.55,32.65,-1.0,0,0.117142857143
20061219,13501,32.7,32.8,-1.0,0,0.367218934911
20061220,13502,32.57,32.67,-1.0,0,0.03
20061221,13503,32.5,32.6,-1.0,0,0.15
20061222,13504,32.51,32.61,-1.0,0,0.005
20061225,13507,32.56,32.66,-1.0,0,0.04
20061226,13508,32.6,32.7,-1.0,0,0.005
20061227,13509,32.65,32.75,-1.0,0,0.225
20061228,13510,32.61,32.71,-1.0,0,0.015
20061229,13511,32.54,32.64,-1.0,0,0.01
20070102,13515,32.35,32.45,-1.0,0,0.409612903226
20070103,13516,32.36,32.46,-1.0,0,0.06
20070104,13517,32.49,32.59,-1.0,0,0.03
20070105,13518,32.56,32.66,-1.0,0,0.075
20070108,13521,32.62,32.72,-1.0,0,7.1054273576e-15
20070109,13522,32.64,32.74,-1.0,0,0.04
20070110,13523,32.71,32.81,-1.0,0,0.150476190476
20070111,13524,32.73,32.83,-1.0,0,0.02
20070112,13525,32.7,32.8,-1.0,0,0.026
20070115,13528,32.71,32.81,-1.0,0,0.0025
20070116,13529,32.71,32.81,-1.0,0,0.0876923076923
20070117,13530,32.74,32.84,-1.0,0,0.0133333333333
20070118,13531,32.74,32.84,-1.0,0,0.01
20070119,13532,32.76,32.86,-1.0,0,0.0314285714286
20070122,13535,32.88,32.98,-1.0,0,0.015
20070123,13536,32.9,33.0,-1.0,0,0.399574468085
20070124,13537,32.76,32.86,-1.0,0,0.14619047619
20070125,13538,32.8,32.9,-1.0,0,0.025
20070126,13539,32.89,32.99,-1.0,0,0.103
20070129,13542,32.92,33.02,-1.0,0,0.0075
20070130,13543,32.92,33.02,-1.0,0,0.0833333333333
20070131,13544,32.89,32.99,-1.0,0,0.025
20070201,13545,32.81,32.91,-1.0,0,0.126666666667
20070202,13546,32.87,32.97,-1.0,0,0.0366666666667
20070205,13549,32.87,32.97,-1.0,0,0.048
20070206,13550,32.91,33.01,-1.0,0,0.0
20070207,13551,32.95,33.05,-1.0,0,0.0527272727273
20070208,13552,32.96,33.06,-1.0,0,0.025
20070209,13553,32.92,33.02,-1.0,0,0.038
20070212,13556,32.97,33.07,-1.0,0,0.0416666666667
20070213,13557,33.03,33.13,-1.0,0,0.178461538462
20070214,13558,32.94,33.04,-1.0,0,0.005
20070215,13559,32.86,32.96,-1.0,0,0.145555555556
20070216,13560,32.94,33.04,-1.0,0,0.0745454545455
20070226,13570,32.92,33.02,-1.0,0,0.094375
20070227,13571,32.9,33.0,-1.0,0,0.00333333333333
20070301,13573,32.85,32.95,-1.0,0,0.0325
20070302,13574,32.87,32.97,-1.0,0,0.038
20070303,13575,32.81,32.91,-1.0,0,0.2395
20070305,13577,32.85,32.95,-1.0,0,0.0333333333333
20070306,13578,32.92,33.02,-1.0,0,0.0623529411765
20070307,13579,32.93,33.03,-1.0,0,0.04
20070308,13580,32.86,32.96,-1.0,0,0.0828571428571
20070309,13581,32.92,33.02,-1.0,0,0.03
20070312,13584,32.98,33.08,-1.0,0,0.0466666666667
20070313,13585,32.93,33.03,-1.0,0,0.0625
20070314,13586,32.95,33.05,-1.0,0,0.005
20070315,13587,32.98,33.08,-1.0,0,0.03
20070316,13588,33.05,33.15,-1.0,0,0.0557142857143
20070319,13591,33.06,33.16,-1.0,0,0.0125
20070320,13592,33.08,33.18,-1.0,0,0.154567901235
20070321,13593,33.06,33.16,-1.0,0,0.05
20070322,13594,32.94,33.04,-1.0,0,0.14875
20070323,13595,32.99,33.09,-1.0,0,0.0391666666667
20070326,13598,33.01,33.11,-1.0,0,0.01
20070327,13599,33.03,33.13,-1.0,0,0.02
20070328,13600,33.02,33.12,-1.0,0,0.005
20070329,13601,33.02,33.12,-1.0,0,0.0136363636364
20070330,13602,33.04,33.14,-1.0,0,0.0125
20070402,13605,33.05,33.15,-1.0,0,0.01
20070403,13606,33.07,33.17,-1.0,0,0.07
20070404,13607,33.02,33.12,-1.0,0,0.0416666666667
20070409,13612,33.02,33.12,-1.0,0,0.05375
20070410,13613,33.03,33.13,-1.0,0,0.005
20070411,13614,33.05,33.15,-1.0,0,0.01
20070412,13615,33.08,33.18,-1.0,0,0.036
20070413,13616,33.05,33.15,-1.0,0,0.02
20070414,13617,33.06,33.16,-1.0,0,0.0385714285714
20070416,13619,33.13,33.23,-1.0,0,0.068
20070417,13620,33.12,33.22,-1.0,0,7.1054273576e-15
20070418,13621,33.11,33.21,-1.0,0,0.0133333333333
20070419,13622,33.08,33.18,-1.0,0,0.0825641025641
20070420,13623,33.12,33.22,-1.0,0,0.0245454545455
20070423,13626,33.12,33.22,-1.0,0,0.039
20070424,13627,33.15,33.25,-1.0,0,0.0133333333333
20070425,13628,33.15,33.25,-1.0,0,0.01
20070426,13629,33.17,33.27,-1.0,0,0.025
20070427,13630,33.22,33.32,-1.0,0,0.0257142857143
20070430,13633,33.25,33.35,-1.0,0,0.10652173913
20070502,13635,33.25,33.35,-1.0,0,0.005
20070503,13636,33.24,33.34,-1.0,0,0.005
20070504,13637,33.24,33.34,-1.0,0,0.03
20070507,13640,33.18,33.28,-1.0,0,0.0716129032258
20070508,13641,33.21,33.31,-1.0,0,0.00666666666667
20070509,13642,33.23,33.33,-1.0,0,7.1054273576e-15
20070510,13643,33.25,33.35,-1.0,0,0.03625
20070511,13644,33.26,33.36,-1.0,0,0.005
20070514,13647,33.27,33.37,-1.0,0,0.02
20070515,13648,33.29,33.39,-1.0,0,0.00666666666666
20070516,13649,33.3,33.4,-1.0,0,0.0
20070517,13650,33.31,33.41,-1.0,0,0.005
20070518,13651,33.33,33.43,-1.0,0,0.0290909090909
20070521,13654,33.32,33.42,-1.0,0,0.0230769230769
20070522,13655,33.35,33.45,-1.0,0,0.01
20070523,13656,33.36,33.46,-1.0,0,0.631254355401
20070524,13657,33.25,33.35,-1.0,0,0.0485714285714
20070525,13658,33.21,33.31,-1.0,0,0.0025
20070528,13661,33.1,33.2,-1.0,0,0.0633333333333
20070529,13662,32.98,33.08,-1.0,0,0.035
20070530,13663,32.93,33.03,-1.0,0,0.278709677419
20070531,13664,32.98,33.08,-1.0,0,0.0475
20070601,13665,32.98,33.08,-1.0,0,0.0
20070604,13668,32.98,33.08,-1.0,0,0.008
20070605,13669,32.97,33.07,-1.0,0,0.0171428571429
20070606,13670,32.98,33.08,-1.0,0,7.1054273576e-15
20070607,13671,32.99,33.09,-1.0,0,0.0227272727273
20070608,13672,32.96,33.06,-1.0,0,0.0225
20070611,13675,32.96,33.06,-1.0,0,0.0975
20070612,13676,32.98,33.08,-1.0,0,0.005
20070613,13677,32.99,33.09,-1.0,0,0.04
20070614,13678,33.04,33.14,-1.0,0,0.005
20070615,13679,33.1,33.2,-1.0,0,0.33
20070620,13684,32.97,33.07,-1.0,0,0.12625
20070621,13685,32.88,32.98,-1.0,0,0.04
20070622,13686,32.71,32.81,-1.0,0,0.0733333333333
20070623,13687,32.69,32.79,-1.0,0,0.593813559322
20070625,13689,32.73,32.83,-1.0,0,0.0133333333333
20070626,13690,32.73,32.83,-1.0,0,0.02
20070627,13691,32.75,32.85,-1.0,0,0.01
20070628,13692,32.79,32.89,-1.0,0,0.0907894736842
20070629,13693,32.69,32.79,-1.0,0,0.0990909090909
20070702,13696,32.74,32.84,-1.0,0,0.0157142857143
20070703,13697,32.75,32.85,-1.0,0,0.01
20070704,13698,32.74,32.84,-1.0,0,0.015
20070705,13699,32.75,32.85,-1.0,0,0.005
20070706,13700,32.77,32.87,-1.0,0,0.0688
20070709,13703,32.77,32.87,-1.0,0,0.048
20070710,13704,32.74,32.84,-1.0,0,0.01
20070711,13705,32.69,32.79,-1.0,0,0.0688888888889
20070712,13706,32.75,32.85,-1.0,0,0.045
20070713,13707,32.75,32.85,-1.0,0,0.006
20070716,13710,32.77,32.87,-1.0,0,0.0025
20070717,13711,32.78,32.88,-1.0,0,0.0715384615385
20070718,13712,32.78,32.88,-1.0,0,0.0
20070719,13713,32.78,32.88,-1.0,0,0.02
20070720,13714,32.75,32.85,-1.0,0,0.02
20070723,13717,32.76,32.86,-1.0,0,0.0228571428571
20070724,13718,32.73,32.83,-1.0,0,0.085
20070725,13719,32.75,32.85,-1.0,0,0.0133333333333
20070726,13720,32.79,32.89,-1.0,0,0.0
20070727,13721,32.83,32.93,-1.0,0,0.07875
20070730,13724,32.79,32.89,-1.0,0,0.0125
20070731,13725,32.76,32.86,-1.0,0,0.204444444444
20070801,13726,32.83,32.93,-1.0,0,0.0585714285714
20070802,13727,32.82,32.92,-1.0,0,0.014
20070803,13728,32.83,32.93,-1.0,0,0.0025
20070806,13731,32.85,32.95,-1.0,0,0.01375
20070807,13732,32.85,32.95,-1.0,0,0.0
20070808,13733,32.85,32.95,-1.0,0,0.00666666666667
20070809,13734,32.84,32.94,-1.0,0,0.0453846153846
20070810,13735,32.92,33.02,-1.0,0,0.064
20070813,13738,32.93,33.03,-1.0,0,0.01
20070814,13739,32.92,33.02,-1.0,0,0.12
20070815,13740,32.97,33.07,-1.0,0,0.03
20070816,13741,33.08,33.18,-1.0,0,0.154137931034
20070817,13742,32.89,32.99,-1.0,0,0.1325
20070820,13745,32.85,32.95,-1.0,0,0.228787878788
20070821,13746,32.88,32.98,-1.0,0,0.01
20070822,13747,32.9,33.0,-1.0,0,0.005
20070823,13748,32.91,33.01,-1.0,0,0.0075
20070824,13749,32.94,33.04,-1.0,0,0.035
20070827,13752,32.95,33.05,-1.0,0,0.005
20070828,13753,32.96,33.06,-1.0,0,0.0322222222222
20070829,13754,33.01,33.11,-1.0,0,0.091724137931
20070830,13755,33.01,33.11,-1.0,0,0.03
20070831,13756,32.95,33.05,-1.0,0,0.066
20070903,13759,32.96,33.06,-1.0,0,0.02
20070904,13760,32.98,33.08,-1.0,0,7.1054273576e-15
20070905,13761,33.0,33.1,-1.0,0,0.0166666666667
20070906,13762,33.0,33.1,-1.0,0,0.004
20070907,13763,33.01,33.11,-1.0,0,0.005
20070910,13766,33.02,33.12,-1.0,0,0.00333333333334
20070911,13767,33.02,33.12,-1.0,0,0.0142857142857
20070912,13768,33.04,33.14,-1.0,0,0.0166666666667
20070913,13769,33.03,33.13,-1.0,0,0.005
20070914,13770,33.03,33.13,-1.0,0,0.0184615384615
20070917,13773,33.07,33.17,-1.0,0,0.01
20070918,13774,33.07,33.17,-1.0,0,2.4641031941
20070919,13775,33.05,33.15,-1.0,0,0.005
20070920,13776,33.02,33.12,-1.0,0,0.0566666666667
20070921,13777,32.91,33.01,-1.0,0,0.08875
20070926,13782,32.88,32.98,-1.0,0,0.195454545455
20070927,13783,32.78,32.88,-1.0,0,0.03
20070928,13784,32.62,32.72,-1.0,0,0.0333333333333
20070929,13785,32.54,32.64,-1.0,0,0.343846153846
20071001,13787,32.53,32.63,-1.0,0,0.005
20071002,13788,32.53,32.63,-1.0,0,0.0
20071003,13789,32.53,32.63,-1.0,0,0.026
20071004,13790,32.56,32.66,-1.0,0,0.0241666666667
20071005,13791,32.55,32.65,-1.0,0,0.005
20071008,13794,32.54,32.64,-1.0,0,0.012
20071009,13795,32.55,32.65,-1.0,0,0.0114285714286
20071011,13797,32.53,32.63,-1.0,0,0.03
20071012,13798,32.54,32.64,-1.0,0,0.005
20071015,13801,32.55,32.65,-1.0,0,0.00666666666667
20071016,13802,32.56,32.66,-1.0,0,0.0
20071017,13803,32.57,32.67,-1.0,0,0.0375
20071018,13804,32.55,32.65,-1.0,0,0.0
20071019,13805,32.53,32.63,-1.0,0,0.0266666666667
20071022,13808,32.53,32.63,-1.0,0,0.0
20071023,13809,32.53,32.63,-1.0,0,0.19487804878
20071024,13810,32.52,32.62,-1.0,0,0.03
20071025,13811,32.44,32.54,-1.0,0,0.025
20071026,13812,32.41,32.51,-1.0,0,0.03
20071029,13815,32.35,32.45,-1.0,0,0.096
20071030,13816,32.36,32.46,-1.0,0,0.005
20071031,13817,32.36,32.46,-1.0,0,0.0166666666667
20071101,13818,32.34,32.44,-1.0,0,0.0142857142857
20071102,13819,32.35,32.45,-1.0,0,0.005
20071105,13822,32.36,32.46,-1.0,0,0.0333333333333
20071106,13823,32.34,32.44,-1.0,0,0.0
20071107,13824,32.32,32.42,-1.0,0,0.09
20071108,13825,32.26,32.36,-1.0,0,0.005
20071109,13826,32.19,32.29,-1.0,0,0.611746031746
20071112,13829,32.24,32.34,-1.0,0,0.005
20071113,13830,32.25,32.35,-1.0,0,0.02
20071114,13831,32.24,32.34,-1.0,0,0.01
20071115,13832,32.25,32.35,-1.0,0,0.0257142857143
20071116,13833,32.29,32.39,-1.0,0,0.016
20071119,13836,32.31,32.41,-1.0,0,0.110476190476
20071120,13837,32.31,32.41,-1.0,0,0.005
20071121,13838,32.3,32.4,-1.0,0,0.00333333333334
20071122,13839,32.3,32.4,-1.0,0,0.0125
20071123,13840,32.28,32.38,-1.0,0,0.00714285714286
20071126,13843,32.27,32.37,-1.0,0,0.0166666666667
20071127,13844,32.27,32.37,-1.0,0,0.005
20071128,13845,32.28,32.38,-1.0,0,0.0518181818182
20071129,13846,32.25,32.35,-1.0,0,0.005
20071130,13847,32.21,32.31,-1.0,0,0.114042553191
20071203,13850,32.25,32.35,-1.0,0,0.005
20071204,13851,32.27,32.37,-1.0,0,0.0261538461538
20071205,13852,32.27,32.37,-1.0,0,0.0
20071206,13853,32.27,32.37,-1.0,0,0.0
20071207,13854,32.27,32.37,-1.0,0,0.005
20071210,13857,32.28,32.38,-1.0,0,0.0233333333333
20071211,13858,32.29,32.39,-1.0,0,0.01
20071212,13859,32.32,32.42,-1.0,0,0.0133333333333
20071213,13860,32.32,32.42,-1.0,0,0.085
20071214,13861,32.34,32.44,-1.0,0,0.012
20071217,13864,32.44,32.54,-1.0,0,0.005
20071218,13865,32.48,32.58,-1.0,0,0.0761538461538
20071219,13866,32.46,32.56,-1.0,0,0.00666666666666
20071220,13867,32.45,32.55,-1.0,0,0.0
20071221,13868,32.44,32.54,-1.0,0,0.04375
20071224,13871,32.46,32.56,-1.0,0,0.005
20071225,13872,32.46,32.56,-1.0,0,0.02
20071226,13873,32.49,32.59,-1.0,0,0.307014925373
20071227,13874,32.48,32.58,-1.0,0,0.01
20071228,13875,32.45,32.55,-1.0,0,0.00749999999999
20071231,13878,32.39,32.49,-1.0,0,0.0833333333333
20080102,13880,32.4,32.5,-1.0,0,0.01
20080103,13881,32.39,32.49,-1.0,0,0.005
20080104,13882,32.39,32.49,-1.0,0,0.0171428571429
20080107,13885,32.42,32.52,-1.0,0,0.0125
20080108,13886,32.41,32.51,-1.0,0,0.02
20080109,13887,32.42,32.52,-1.0,0,0.005
20080110,13888,32.44,32.54,-1.0,0,0.1825
20080111,13889,32.42,32.52,-1.0,0,0.015
20080114,13892,32.3,32.4,-1.0,0,0.068
20080115,13893,32.18,32.28,-1.0,0,0.218243243243
20080116,13894,32.22,32.32,-1.0,0,0.015
20080117,13895,32.23,32.33,-1.0,0,0.01
20080118,13896,32.27,32.37,-1.0,0,0.03
20080121,13899,32.3,32.4,-1.0,0,0.0857142857143
20080122,13900,32.42,32.52,-1.0,0,1.41905263158
20080123,13901,32.36,32.46,-1.0,0,0.0
20080124,13902,32.3,32.4,-1.0,0,0.00666666666667
20080125,13903,32.25,32.35,-1.0,0,0.0857142857143
20080128,13906,32.28,32.38,-1.0,0,0.1
20080129,13907,32.25,32.35,-1.0,0,0.025
20080130,13908,32.18,32.28,-1.0,0,0.01
20080131,13909,32.13,32.23,-1.0,0,0.00666666666667
20080201,13910,32.06,32.16,-1.0,0,0.1
20080204,13913,32.0,32.1,-1.0,0,0.0225
20080205,13914,31.95,32.05,-1.0,0,0.0263636363636
20080212,13921,31.83,31.93,-1.0,0,0.183181818182
20080213,13922,31.61,31.71,-1.0,0,0.215185185185
20080214,13923,31.65,31.75,-1.0,0,0.0
20080215,13924,31.69,31.79,-1.0,0,0.048
20080218,13927,31.69,31.79,-1.0,0,0.4325
20080219,13928,31.64,31.74,-1.0,0,0.0
20080220,13929,31.59,31.69,-1.0,0,0.065
20080221,13930,31.47,31.57,-1.0,0,0.005
20080222,13931,31.36,31.46,-1.0,0,0.09
20080225,13934,31.27,31.37,-1.0,0,0.217777777778
20080226,13935,31.15,31.25,-1.0,0,0.08
20080227,13936,30.87,30.97,-1.0,0,0.489636363636
20080229,13938,30.89,30.99,-1.0,0,0.052
20080303,13941,31.05,31.15,-1.0,0,0.299230769231
20080304,13942,30.88,30.98,-1.0,0,0.0466666666667
20080305,13943,30.8,30.9,-1.0,0,0.02
20080306,13944,30.68,30.78,-1.0,0,0.18625
20080307,13945,30.68,30.78,-1.0,0,0.024
20080310,13948,30.6,30.7,-1.0,0,0.01
20080311,13949,30.56,30.66,-1.0,0,0.262105263158
20080312,13950,30.63,30.73,-1.0,0,0.03
20080313,13951,30.63,30.73,-1.0,0,0.034
20080314,13952,30.69,30.79,-1.0,0,0.0175
20080317,13955,30.8,30.9,-1.0,0,0.50265625
20080318,13956,30.69,30.79,-1.0,0,0.0533333333333
20080319,13957,30.67,30.77,-1.0,0,0.01
20080320,13958,30.63,30.73,-1.0,0,0.113333333333
20080321,13959,30.48,30.58,-1.0,0,0.0366666666667
20080324,13962,30.16,30.26,-1.0,0,0.01
20080325,13963,30.04,30.14,-1.0,0,0.016
20080326,13964,29.95,30.05,-1.0,0,4.47323809524
20080327,13965,30.11,30.21,-1.0,0,0.035
20080328,13966,30.34,30.44,-1.0,0,0.366097560976
20080331,13969,30.34,30.44,-1.0,0,0.06
20080401,13970,30.26,30.36,-1.0,0,0.127272727273
20080402,13971,30.33,30.43,-1.0,0,0.015
20080403,13972,30.37,30.47,-1.0,0,0.0733333333333
20080407,13976,30.37,30.47,-1.0,0,0.07
20080408,13977,30.47,30.57,-1.0,0,0.210473684211
20080409,13978,30.41,30.51,-1.0,0,0.05
20080410,13979,30.25,30.35,-1.0,0,0.15275
20080411,13980,30.26,30.36,-1.0,0,0.005
20080414,13983,30.27,30.37,-1.0,0,0.0526666666667
20080415,13984,30.21,30.31,-1.0,0,0.0255
20080416,13985,30.201,30.301,-1.0,0,0.187717948718
20080417,13986,30.21,30.31,-1.0,0,0.0055
20080418,13987,30.23,30.33,-1.0,0,0.01925
20080421,13990,30.23,30.33,-1.0,0,0.0
20080422,13991,30.23,30.33,-1.0,0,0.00666666666666
20080423,13992,30.24,30.34,-1.0,0,0.005
20080424,13993,30.24,30.34,-1.0,0,0.0566
20080425,13994,30.29,30.39,-1.0,0,0.0233333333333
20080428,13997,30.36,30.46,-1.0,0,0.0175
20080429,13998,30.36,30.46,-1.0,0,0.018
20080430,13999,30.4,30.5,-1.0,0,0.06
20080502,14001,30.4,30.5,-1.0,0,0.02
20080505,14004,30.45,30.55,-1.0,0,0.0166666666667
20080506,14005,30.44,30.54,-1.0,0,0.355102040816
20080507,14006,30.47,30.57,-1.0,0,0.145
20080508,14007,30.79,30.89,-1.0,0,0.22
20080509,14008,30.6,30.7,-1.0,0,0.218333333333
20080512,14011,30.81,30.91,-1.0,0,0.0525
20080513,14012,30.81,30.91,-1.0,0,0.078
20080514,14013,30.96,31.06,-1.0,0,0.851935483871
20080515,14014,30.83,30.93,-1.0,0,0.045
20080516,14015,30.61,30.71,-1.0,0,0.19
20080519,14018,30.5,30.6,-1.0,0,0.05
20080520,14019,30.53,30.63,-1.0,0,0.113333333333
20080521,14020,30.44,30.54,-1.0,0,0.015
20080522,14021,30.32,30.42,-1.0,0,0.303157894737
20080523,14022,30.45,30.55,-1.0,0,0.096
20080526,14025,30.44,30.54,-1.0,0,0.04
20080527,14026,30.49,30.59,-1.0,0,0.242727272727
20080528,14027,30.46,30.56,-1.0,0,0.0133333333333
20080529,14028,30.4,30.5,-1.0,0,0.01
20080530,14029,30.36,30.46,-1.0,0,0.035
20080602,14032,30.16,30.26,-1.0,0,0.645466666667
20080603,14033,30.23,30.33,-1.0,0,0.0
20080604,14034,30.3,30.4,-1.0,0,0.02
20080605,14035,30.34,30.44,-1.0,0,0.108
20080606,14036,30.28,30.38,-1.0,0,0.0375
20080609,14039,30.25,30.35,-1.0,0,0.124285714286
20080610,14040,30.31,30.41,-1.0,0,0.025
20080611,14041,30.32,30.42,-1.0,0,0.03
20080612,14042,30.4,30.5,-1.0,0,0.206071428571
20080613,14043,30.39,30.49,-1.0,0,0.0075
20080616,14046,30.33,30.43,-1.0,0,0.042
20080617,14047,30.26,30.36,-1.0,0,0.134565217391
20080618,14048,30.3,30.4,-1.0,0,0.005
20080619,14049,30.33,30.43,-1.0,0,0.0357142857143
20080620,14050,30.33,30.43,-1.0,0,0.005
20080623,14053,30.35,30.45,-1.0,0,0.02
20080624,14054,30.38,30.48,-1.0,0,0.104634146341
20080625,14055,30.33,30.43,-1.0,0,0.0366666666667
20080626,14056,30.33,30.43,-1.0,0,0.0
20080627,14057,30.33,30.43,-1.0,0,0.012
20080630,14060,30.3,30.4,-1.0,0,0.0747058823529
20080701,14061,30.31,30.41,-1.0,0,3.5527136788e-15
20080702,14062,30.32,30.42,-1.0,0,0.005
20080703,14063,30.34,30.44,-1.0,0,0.005
20080704,14064,30.35,30.45,-1.0,0,0.022
20080707,14067,30.35,30.45,-1.0,0,0.0
20080708,14068,30.35,30.45,-1.0,0,0.0
20080709,14069,30.35,30.45,-1.0,0,0.0166666666667
20080710,14070,30.37,30.47,-1.0,0,0.0521428571429
20080711,14071,30.34,30.44,-1.0,0,0.024
20080714,14074,30.35,30.45,-1.0,0,0.01
20080715,14075,30.34,30.44,-1.0,0,0.02
20080716,14076,30.32,30.42,-1.0,0,0.0
20080717,14077,30.3,30.4,-1.0,0,0.0622222222222
20080718,14078,30.31,30.41,-1.0,0,0.0075
20080721,14081,30.31,30.41,-1.0,0,0.03
20080722,14082,30.33,30.43,-1.0,0,0.005
20080723,14083,30.34,30.44,-1.0,0,0.01
20080724,14084,30.37,30.47,-1.0,0,0.0381818181818
20080725,14085,30.35,30.45,-1.0,0,0.015
20080728,14088,30.35,30.45,-1.0,0,1.62437209302
20080729,14089,30.42,30.52,-1.0,0,0.015
20080730,14090,30.46,30.56,-1.0,0,0.03
20080731,14091,30.56,30.66,-1.0,0,0.015
20080801,14092,30.63,30.73,-1.0,0,0.12
20080804,14095,30.63,30.73,-1.0,0,0.048
20080805,14096,30.68,30.78,-1.0,0,0.01
20080806,14097,30.71,30.81,-1.0,0,0.229090909091
20080807,14098,30.86,30.96,-1.0,0,0.03
20080808,14099,31.07,31.17,-1.0,0,0.330769230769
20080811,14102,31.14,31.24,-1.0,0,0.058
20080812,14103,31.13,31.23,-1.0,0,0.015
20080813,14104,31.09,31.19,-1.0,0,0.137142857143
20080814,14105,31.21,31.31,-1.0,0,0.02
20080815,14106,31.29,31.39,-1.0,0,0.094
20080818,14109,31.27,31.37,-1.0,0,0.065
20080819,14110,31.35,31.45,-1.0,0,0.0428571428571
20080820,14111,31.35,31.45,-1.0,0,0.0
20080821,14112,31.35,31.45,-1.0,0,0.02
20080822,14113,31.32,31.42,-1.0,0,0.0845454545455
20080825,14116,31.37,31.47,-1.0,0,0.0625
20080826,14117,31.47,31.57,-1.0,0,0.0615384615385
20080827,14118,31.44,31.54,-1.0,0,0.01
20080828,14119,31.43,31.53,-1.0,0,0.197142857143
20080829,14120,31.49,31.59,-1.0,0,0.03
20080901,14123,31.55,31.65,-1.0,0,0.09
20080902,14124,31.75,31.85,-1.0,0,0.125
20080903,14125,31.8,31.9,-1.0,0,0.06
20080904,14126,31.73,31.83,-1.0,0,0.0866666666667
20080905,14127,31.85,31.95,-1.0,0,0.192
20080908,14130,31.721,31.821,-1.0,0,0.195829268293
20080909,14131,31.83,31.93,-1.0,0,0.0545
20080910,14132,31.83,31.93,-1.0,0,0.0836666666667
20080911,14133,32.01,32.11,-1.0,0,0.1483
20080912,14134,32.0,32.1,-1.0,0,0.0075
20080915,14137,32.0,32.1,-1.0,0,0.03
20080916,14138,32.03,32.13,-1.0,0,0.01
20080917,14139,32.04,32.14,-1.0,0,0.124285714286
20080918,14140,32.19,32.29,-1.0,0,0.523544303797
20080919,14141,32.12,32.22,-1.0,0,0.015
20080922,14144,31.97,32.07,-1.0,0,0.028
20080923,14145,31.88,31.98,-1.0,0,0.33962962963
20080924,14146,31.91,32.01,-1.0,0,0.0133333333333
20080925,14147,31.96,32.06,-1.0,0,0.0
20080926,14148,32.01,32.11,-1.0,0,0.065
20080929,14151,32.01,32.11,-1.0,0,0.0757142857143
20080930,14152,32.12,32.22,-1.0,0,0.135
20081001,14153,32.0,32.1,-1.0,0,0.162666666667
20081002,14154,32.1,32.2,-1.0,0,0.0414285714286
20081003,14155,32.14,32.24,-1.0,0,0.01
20081006,14158,32.3,32.4,-1.0,0,0.032
20081007,14159,32.31,32.41,-1.0,0,0.0483333333333
20081008,14160,32.41,32.51,-1.0,0,0.209545454545
20081009,14161,32.39,32.49,-1.0,0,0.002
20081013,14165,32.32,32.42,-1.0,0,0.0471428571429
20081014,14166,32.34,32.44,-1.0,0,0.005
20081015,14167,32.35,32.45,-1.0,0,0.69989010989
20081016,14168,32.49,32.59,-1.0,0,0.104
20081017,14169,32.51,32.61,-1.0,0,0.01
20081020,14172,32.53,32.63,-1.0,0,0.2825
20081021,14173,32.66,32.76,-1.0,0,0.116666666667
20081022,14174,32.93,33.03,-1.0,0,0.035
20081023,14175,33.27,33.37,-1.0,0,0.341428571429
20081024,14176,33.39,33.49,-1.0,0,0.0725
20081027,14179,33.46,33.56,-1.0,0,1.52104868914
20081028,14180,33.41,33.51,-1.0,0,0.06
20081029,14181,33.24,33.34,-1.0,0,0.28
20081030,14182,32.71,32.81,-1.0,0,0.752093023256
20081031,14183,32.93,33.03,-1.0,0,0.214545454545
20081103,14186,32.82,32.92,-1.0,0,0.014
20081104,14187,32.81,32.91,-1.0,0,0.015
20081105,14188,32.77,32.87,-1.0,0,0.08
20081106,14189,32.76,32.86,-1.0,0,0.005
20081107,14190,32.76,32.86,-1.0,0,0.01
20081110,14193,32.77,32.87,-1.0,0,0.275238095238
20081111,14194,32.82,32.92,-1.0,0,0.0666666666667
20081112,14195,32.94,33.04,-1.0,0,0.03
20081113,14196,33.12,33.22,-1.0,0,0.176
20081114,14197,33.02,33.12,-1.0,0,0.132857142857
20081117,14200,33.12,33.22,-1.0,0,0.014
20081118,14201,33.18,33.28,-1.0,0,0.015
20081119,14202,33.21,33.31,-1.0,0,0.085
20081120,14203,33.35,33.45,-1.0,0,0.2305
20081121,14204,33.34,33.44,-1.0,0,0.015
20081124,14207,33.37,33.47,-1.0,0,0.075
20081125,14208,33.3,33.4,-1.0,0,0.01
20081126,14209,33.25,33.35,-1.0,0,0.055
20081127,14210,33.25,33.35,-1.0,0,0.005
20081128,14211,33.24,33.34,-1.0,0,0.168947368421
20081201,14214,33.3,33.4,-1.0,0,0.07
20081202,14215,33.43,33.53,-1.0,0,0.0633333333333
20081203,14216,33.47,33.57,-1.0,0,0.005
20081204,14217,33.5,33.6,-1.0,0,0.123636363636
20081205,14218,33.5,33.6,-1.0,0,0.01
20081208,14221,33.46,33.56,-1.0,0,0.032
20081209,14222,33.49,33.59,-1.0,0,0.89
20081210,14223,33.39,33.49,-1.0,0,0.02
20081211,14224,33.25,33.35,-1.0,0,0.123333333333
20081212,14225,33.26,33.36,-1.0,0,0.0375
20081215,14228,33.14,33.24,-1.0,0,0.363333333333
20081216,14229,32.97,33.07,-1.0,0,0.07
20081217,14230,32.64,32.74,-1.0,0,0.055
20081218,14231,32.42,32.52,-1.0,0,1.57806451613
20081219,14232,32.48,32.58,-1.0,0,0.05
20081222,14235,32.9,33.0,-1.0,0,0.0525
20081223,14236,32.97,33.07,-1.0,0,0.426530612245
20081224,14237,32.98,33.08,-1.0,0,0.015
20081225,14238,32.96,33.06,-1.0,0,0.012
20081226,14239,32.96,33.06,-1.0,0,0.005
20081229,14242,32.94,33.04,-1.0,0,0.167142857143
20081230,14243,32.74,32.84,-1.0,0,0.335
20081231,14244,32.77,32.87,-1.0,0,0.00571428571428
20090105,14249,32.95,33.05,-1.0,0,0.00333333333333
20090106,14250,32.99,33.09,-1.0,0,0.0925
20090107,14251,32.92,33.02,-1.0,0,0.0658666666667
20090108,14252,33.06,33.16,-1.0,0,0.0998571428571
20090109,14253,33.1,33.2,-1.0,0,0.02
20090110,14254,33.1,33.2,-1.0,0,0.02
20090112,14256,33.18,33.28,-1.0,0,0.026
20090113,14257,33.201,33.301,-1.0,0,0.0105
20090114,14258,33.201,33.301,-1.0,0,0.146142857143
20090115,14259,33.32,33.42,-1.0,0,0.0541666666667
20090116,14260,33.3,33.4,-1.0,0,0.035
20090117,14261,33.35,33.45,-1.0,0,0.078
20090119,14263,33.48,33.58,-1.0,0,0.03
20090120,14264,33.59,33.69,-1.0,0,0.344864864865
20090121,14265,33.5,33.6,-1.0,0,0.035
20090122,14266,33.48,33.58,-1.0,0,0.115
20090123,14267,33.64,33.74,-1.0,0,0.149285714286
20090202,14277,33.7,33.8,-1.0,0,0.0676923076923
20090203,14278,33.65,33.75,-1.0,0,0.01
20090204,14279,33.62,33.72,-1.0,0,0.0333333333333
20090205,14280,33.63,33.73,-1.0,0,0.577837837838
20090206,14281,33.68,33.78,-1.0,0,0.005
20090209,14284,33.81,33.91,-1.0,0,0.036
20090210,14285,33.9,34.0,-1.0,0,0.045
20090211,14286,33.94,34.04,-1.0,0,0.005
20090212,14287,33.97,34.07,-1.0,0,0.01
20090213,14288,33.99,34.09,-1.0,0,0.237333333333
20090217,14292,34.56,34.66,-1.0,0,0.135714285714
20090218,14293,34.59,34.69,-1.0,0,0.0
20090219,14294,34.62,34.72,-1.0,0,0.0666666666667
20090220,14295,34.75,34.85,-1.0,0,0.226
20090223,14298,34.57,34.67,-1.0,0,0.291
20090224,14299,34.73,34.83,-1.0,0,0.0814285714286
20090225,14300,34.69,34.79,-1.0,0,0.105
20090226,14301,34.8,34.9,-1.0,0,0.024
20090227,14302,34.88,34.98,-1.0,0,7.1054273576e-15
20090302,14305,35.12,35.22,-1.0,0,3.27269990593
20090303,14306,35.04,35.14,-1.0,0,0.025
20090304,14307,35.01,35.11,-1.0,0,0.095
20090305,14308,34.88,34.98,-1.0,0,0.02
20090306,14309,34.71,34.81,-1.0,0,0.19
20090309,14312,34.75,34.85,-1.0,0,0.148
20090310,14313,34.54,34.64,-1.0,0,0.06
20090311,14314,34.45,34.55,-1.0,0,0.185714285714
20090312,14315,34.44,34.54,-1.0,0,0.0
20090313,14316,34.43,34.53,-1.0,0,0.02
20090316,14319,34.35,34.45,-1.0,0,0.303333333333
20090317,14320,34.18,34.28,-1.0,0,0.04
20090318,14321,34.09,34.19,-1.0,0,0.045
20090319,14322,33.85,33.95,-1.0,0,0.065
20090320,14323,33.74,33.84,-1.0,0,0.382285714286
20090323,14326,33.73,33.83,-1.0,0,0.002575
20090324,14327,33.7301,33.8301,-1.0,0,0.0819
20090325,14328,33.83,33.93,-1.0,0,0.104214285714
20090326,14329,33.76,33.86,-1.0,0,0.01505
20090327,14330,33.7201,33.8201,-1.0,0,0.1669
20090330,14333,33.95,34.05,-1.0,0,0.539411764706
20090331,14334,33.86,33.96,-1.0,0,0.005
20090401,14335,33.78,33.88,-1.0,0,0.16
20090402,14336,33.44,33.54,-1.0,0,0.095
20090403,14337,33.29,33.39,-1.0,0,0.22
20090406,14340,33.18,33.28,-1.0,0,0.863076923077
20090407,14341,33.5,33.6,-1.0,0,0.005
20090408,14342,33.83,33.93,-1.0,0,0.599090909091
20090409,14343,33.7201,33.8201,-1.0,0,0.0632333333333
20090410,14344,33.73,33.83,-1.0,0,0.029925
20090413,14347,33.64,33.74,-1.0,0,0.05598
20090414,14348,33.55,33.65,-1.0,0,0.253
20090415,14349,33.73,33.83,-1.0,0,0.08
20090416,14350,33.75,33.85,-1.0,0,0.172857142857
20090417,14351,33.76,33.86,-1.0,0,0.002475
20090420,14354,33.7801,33.8801,-1.0,0,0.0179
20090421,14355,33.81,33.91,-1.0,0,0.0183333333333
20090422,14356,33.8,33.9,-1.0,0,0.125
20090423,14357,33.76,33.86,-1.0,0,0.035
20090424,14358,33.65,33.75,-1.0,0,0.0933333333333
20090427,14361,33.67,33.77,-1.0,0,0.0475
20090428,14362,33.74,33.84,-1.0,0,0.897857142857
20090429,14363,33.6,33.7,-1.0,0,0.18
20090430,14364,33.1,33.2,-1.0,0,0.556470588235
20090504,14368,33.04,33.14,-1.0,0,0.0733333333333
20090505,14369,33.07,33.17,-1.0,0,0.01
20090506,14370,33.12,33.22,-1.0,0,0.172727272727
20090507,14371,33.07,33.17,-1.0,0,0.025
20090508,14372,32.97,33.07,-1.0,0,0.03
20090511,14375,32.82,32.92,-1.0,0,0.182222222222
20090512,14376,32.84,32.94,-1.0,0,0.015
20090513,14377,32.83,32.93,-1.0,0,0.0433333333333
20090514,14378,32.9,33.0,-1.0,0,0.0285714285714
20090515,14379,32.87,32.97,-1.0,0,0.04
20090518,14382,32.94,33.04,-1.0,0,0.27875
20090519,14383,32.81,32.91,-1.0,0,0.0475
20090520,14384,32.79,32.89,-1.0,0,0.0466666666667
20090521,14385,32.67,32.77,-1.0,0,0.03
20090522,14386,32.61,32.71,-1.0,0,0.152857142857
20090525,14389,32.57,32.67,-1.0,0,0.028
20090526,14390,32.61,32.71,-1.0,0,0.03
20090527,14391,32.59,32.69,-1.0,0,0.125
20090601,14396,32.32,32.42,-1.0,0,2.042436375
20090602,14397,32.4,32.5,-1.0,0,0.02
20090603,14398,32.44,32.54,-1.0,0,0.02
20090604,14399,32.53,32.63,-1.0,0,0.045
20090605,14400,32.54,32.64,-1.0,0,0.0657142857143
20090606,14401,32.63,32.73,-1.0,0,0.00333333333333
20090608,14403,32.82,32.92,-1.0,0,0.363333333333
20090609,14404,32.8,32.9,-1.0,0,0.06
20090610,14405,32.66,32.76,-1.0,0,0.170588235294
20090611,14406,32.73,32.83,-1.0,0,0.026
20090612,14407,32.7401,32.8401,-1.0,0,0.0274
20090615,14410,32.88,32.98,-1.0,0,0.136666666667
20090616,14411,32.83,32.93,-1.0,0,0.035
20090617,14412,32.84,32.94,-1.0,0,0.0
20090618,14413,32.85,32.95,-1.0,0,0.0266666666667
20090619,14414,32.82,32.92,-1.0,0,0.055
20090622,14417,32.84,32.94,-1.0,0,0.0175
20090623,14418,32.87,32.97,-1.0,0,0.0522222222222
20090624,14419,32.81,32.91,-1.0,0,0.097
20090625,14420,32.91,33.01,-1.0,0,0.163839130435
20090626,14421,32.87,32.97,-1.0,0,0.035
20090629,14424,32.89,32.99,-1.0,0,0.1066
20090630,14425,32.76,32.86,-1.0,0,0.04505
20090701,14426,32.7201,32.8201,-1.0,0,0.310185714286
20090702,14427,32.86,32.96,-1.0,0,0.104908333333
20090703,14428,32.83,32.93,-1.0,0,0.05
20090706,14431,32.93,33.03,-1.0,0,0.01
20090707,14432,32.94,33.04,-1.0,0,0.015
20090708,14433,32.98,33.08,-1.0,0,0.0771428571429
20090709,14434,32.91,33.01,-1.0,0,0.128181818182
20090710,14435,32.99,33.09,-1.0,0,0.0225
20090713,14438,33.14,33.24,-1.0,0,0.9502
20090714,14439,33.03,33.13,-1.0,0,0.0
20090715,14440,32.92,33.02,-1.0,0,0.102857142857
20090716,14441,32.91,33.01,-1.0,0,0.0
20090717,14442,32.9,33.0,-1.0,0,0.056
20090720,14445,32.73,32.83,-1.0,0,0.290445833333
20090721,14446,32.74,32.84,-1.0,0,0.035
20090722,14447,32.82,32.92,-1.0,0,0.0766666666667
20090723,14448,32.75,32.85,-1.0,0,0.0925
20090724,14449,32.88,32.98,-1.0,0,0.149976470588
20090727,14452,32.76,32.86,-1.0,0,0.029925
20090728,14453,32.6801,32.7801,-1.0,0,0.153776923077
20090729,14454,32.8,32.9,-1.0,0,0.114344444444
20090730,14455,32.8001,32.9001,-1.0,0,0.01808
20090731,14456,32.7601,32.8601,-1.0,0,0.0175
20090803,14459,32.7101,32.8101,-1.0,0,0.0601
20090804,14460,32.62,32.72,-1.0,0,0.127575
20090805,14461,32.66,32.76,-1.0,0,0.01505
20090806,14462,32.7301,32.8301,-1.0,0,0.2525
20090807,14463,32.45,32.55,-1.0,0,0.529729965157
20090810,14466,32.7601,32.8601,-1.0,0,0.0401
20090811,14467,32.8001,32.9001,-1.0,0,0.02995
20090812,14468,32.9,33.0,-1.0,0,0.2375
20090813,14469,32.84,32.94,-1.0,0,0.03
20090814,14470,32.84,32.94,-1.0,0,0.0771428571429
20090817,14473,32.93,33.03,-1.0,0,0.037425
20090818,14474,32.9101,33.0101,-1.0,0,0.0259
20090819,14475,32.96,33.06,-1.0,0,0.562667175573
20090820,14476,32.91,33.01,-1.0,0,0.005
20090821,14477,32.85,32.95,-1.0,0,0.05
20090824,14480,32.81,32.91,-1.0,0,0.110526315789
20090825,14481,32.87,32.97,-1.0,0,0.044975
20090826,14482,32.87,32.97,-1.0,0,0.005
20090827,14483,32.86,32.96,-1.0,0,0.0100666666667
20090828,14484,32.8701,32.9701,-1.0,0,0.0601
20090831,14487,32.87,32.97,-1.0,0,0.052475
20090901,14488,32.8,32.9,-1.0,0,0.04606
20090902,14489,32.86,32.96,-1.0,0,0.0583333333333
20090903,14490,32.85,32.95,-1.0,0,0.005
20090904,14491,32.85,32.95,-1.0,0,0.01
20090907,14494,32.81,32.91,-1.0,0,0.249655172414
20090908,14495,32.6901,32.7901,-1.0,0,0.0465666666667
20090909,14496,32.69,32.79,-1.0,0,0.04995
20090910,14497,32.59,32.69,-1.0,0,0.13375
20090911,14498,32.57,32.67,-1.0,0,0.025025
20090914,14501,32.6101,32.7101,-1.0,0,0.0281
20090915,14502,32.58,32.68,-1.0,0,0.138
20090916,14503,32.43,32.53,-1.0,0,0.035
20090917,14504,32.35,32.45,-1.0,0,0.2185
20090918,14505,32.4,32.5,-1.0,0,0.0566666666667
20090921,14508,32.36,32.46,-1.0,0,0.014
20090922,14509,32.33,32.43,-1.0,0,0.005
20090923,14510,32.31,32.41,-1.0,0,0.0781818181818
20090924,14511,32.34,32.44,-1.0,0,0.005
20090925,14512,32.38,32.48,-1.0,0,0.026
20090928,14515,32.42,32.52,-1.0,0,0.269428571429
20090929,14516,32.32,32.42,-1.0,0,0.05495
20090930,14517,32.1101,32.2101,-1.0,0,0.5710368
20091001,14518,32.2501,32.3501,-1.0,0,0.06005
20091002,14519,32.27,32.37,-1.0,0,0.135788235294
20091005,14522,32.2001,32.3001,-1.0,0,0.0426
20091006,14523,32.12,32.22,-1.0,0,0.03
20091007,14524,32.1,32.2,-1.0,0,0.005
20091008,14525,32.09,32.19,-1.0,0,0.226875
20091009,14526,32.18,32.28,-1.0,0,0.052475
20091012,14529,32.2401,32.3401,-1.0,0,0.0945444444444
20091013,14530,32.2501,32.3501,-1.0,0,0.0366666666667
20091014,14531,32.1901,32.2901,-1.0,0,0.015
20091015,14532,32.1601,32.2601,-1.0,0,0.101407142857
20091016,14533,32.21,32.31,-1.0,0,0.0224
20091019,14536,32.2701,32.3701,-1.0,0,0.062
20091020,14537,32.2201,32.3201,-1.0,0,0.0685
20091021,14538,32.3001,32.4001,-1.0,0,0.02005
20091022,14539,32.34,32.44,-1.0,0,0.0654181818182
20091023,14540,32.34,32.44,-1.0,0,0.0
20091026,14543,32.34,32.44,-1.0,0,0.127142857143
20091027,14544,32.41,32.51,-1.0,0,0.02
20091028,14545,32.44,32.54,-1.0,0,0.0266666666667
20091029,14546,32.53,32.63,-1.0,0,0.0926923076923
20091030,14547,32.48,32.58,-1.0,0,0.048
20091102,14550,32.5,32.6,-1.0,0,0.01
20091103,14551,32.52,32.62,-1.0,0,0.542303846154
20091104,14552,32.5,32.6,-1.0,0,0.0
20091105,14553,32.48,32.58,-1.0,0,0.00666666666666
20091106,14554,32.45,32.55,-1.0,0,0.03125
20091109,14557,32.32,32.42,-1.0,0,0.01
20091110,14558,32.29,32.39,-1.0,0,0.005
20091111,14559,32.25,32.35,-1.0,0,0.07
20091112,14560,32.28,32.38,-1.0,0,0.02
20091113,14561,32.27,32.37,-1.0,0,0.0714285714286
20091116,14564,32.13,32.23,-1.0,0,0.01
20091117,14565,32.07,32.17,-1.0,0,0.351847126437
20091118,14566,32.07,32.17,-1.0,0,0.07
20091119,14567,32.24,32.34,-1.0,0,0.065
20091120,14568,32.28,32.38,-1.0,0,0.187058823529
20091123,14571,32.21,32.31,-1.0,0,0.025075
20091124,14572,32.2201,32.3201,-1.0,0,0.02002
20091125,14573,32.1801,32.2801,-1.0,0,0.0928285714286
20091126,14574,32.1901,32.2901,-1.0,0,0.035
20091127,14575,32.2701,32.3701,-1.0,0,0.0977923076923
20091130,14578,32.1201,32.2201,-1.0,0,0.05495
20091201,14579,32.1401,32.2401,-1.0,0,0.0333666666667
20091202,14580,32.12,32.22,-1.0,0,0.00995
20091203,14581,32.08,32.18,-1.0,0,0.220967741935
20091204,14582,32.12,32.22,-1.0,0,0.002475
20091207,14585,32.2301,32.3301,-1.0,0,0.01798
20091208,14586,32.2901,32.3901,-1.0,0,0.140655555556
20091209,14587,32.2701,32.3701,-1.0,0,5.00000000017e-05
20091210,14588,32.25,32.35,-1.0,0,0.0466333333333
20091211,14589,32.16,32.26,-1.0,0,0.139307692308
20091214,14592,32.2501,32.3501,-1.0,0,0.0214857142857
20091215,14593,32.2301,32.3301,-1.0,0,0.0375
20091216,14594,32.2701,32.3701,-1.0,0,0.01
20091217,14595,32.2901,32.3901,-1.0,0,0.005
20091218,14596,32.3201,32.4201,-1.0,0,0.0411
20091221,14599,32.33,32.43,-1.0,0,0.476837931034
20091222,14600,32.3,32.4,-1.0,0,0.02
20091223,14601,32.31,32.41,-1.0,0,0.04495
20091224,14602,32.2501,32.3501,-1.0,0,0.00494999999999
20091225,14603,32.2001,32.3001,-1.0,0,0.07995
20091228,14606,32.2401,32.3401,-1.0,0,0.0175
20091229,14607,32.2301,32.3301,-1.0,0,0.231471428571
20091230,14608,32.1801,32.2801,-1.0,0,0.09505
20091231,14609,31.94,32.04,-1.0,0,0.1301
20100104,14613,31.7501,31.8501,-1.0,0,0.212458333333
20100105,14614,31.8,31.9,-1.0,0,0.0149
20100106,14615,31.8201,31.9201,-1.0,0,0.03505
20100107,14616,31.8201,31.9201,-1.0,0,4.99999999981e-05
20100108,14617,31.82,31.92,-1.0,0,0.0899
20100111,14620,31.7301,31.8301,-1.0,0,0.04796
20100112,14621,31.7301,31.8301,-1.0,0,0.01
20100113,14622,31.7501,31.8501,-1.0,0,0.0300166666667
20100114,14623,31.7001,31.8001,-1.0,0,0.369958
20100115,14624,31.7501,31.8501,-1.0,0,0.04
20100118,14627,31.7301,31.8301,-1.0,0,0.02
20100119,14628,31.7501,31.8501,-1.0,0,0.0769230769231
20100120,14629,31.9201,32.0201,-1.0,0,0.135
20100121,14630,31.8601,31.9601,-1.0,0,0.06
20100122,14631,31.9201,32.0201,-1.0,0,0.045
20100125,14634,31.9201,32.0201,-1.0,0,0.0785714285714
20100126,14635,32.0001,32.1001,-1.0,0,0.025
20100127,14636,32.0301,32.1301,-1.0,0,0.180565
20100128,14637,31.9301,32.0301,-1.0,0,0.0857
20100129,14638,31.9401,32.0401,-1.0,0,0.005
20100201,14641,31.9501,32.0501,-1.0,0,0.03592
20100202,14642,32.0,32.1,-1.0,0,0.0699833333333
20100203,14643,31.93,32.03,-1.0,0,0.161009090909
20100204,14644,31.9601,32.0601,-1.0,0,0.06995
20100205,14645,32.1301,32.2301,-1.0,0,0.23619047619
20100206,14646,32.13,32.23,-1.0,0,0.00343333333333
20100208,14648,32.1401,32.2401,-1.0,0,0.08
20100209,14649,32.0501,32.1501,-1.0,0,0.04
20100210,14650,32.0101,32.1101,-1.0,0,0.01
20100211,14651,31.9901,32.0901,-1.0,0,0.122
20100212,14652,32.0501,32.1501,-1.0,0,0.0591666666667
20100222,14662,32.0401,32.1401,-1.0,0,0.0354545454545
20100223,14663,32.0001,32.1001,-1.0,0,0.0585714285714
20100224,14664,32.0201,32.1201,-1.0,0,0.015
20100225,14665,32.0701,32.1701,-1.0,0,0.4812875
20100226,14666,32.0301,32.1301,-1.0,0,0.022
20100301,14669,31.9901,32.0901,-1.0,0,0.0025
20100302,14670,31.9801,32.0801,-1.0,0,0.0225
20100303,14671,31.9401,32.0401,-1.0,0,0.015
20100304,14672,31.9301,32.0301,-1.0,0,0.01
20100305,14673,31.8901,31.9901,-1.0,0,0.02
20100308,14676,31.8401,31.9401,-1.0,0,0.0142857142857
20100309,14677,31.8001,31.9001,-1.0,0,0.0804631578947
20100310,14678,31.7901,31.8901,-1.0,0,0.0057
20100311,14679,31.7901,31.8901,-1.0,0,0.0
20100312,14680,31.7901,31.8901,-1.0,0,0.0067
20100315,14683,31.7701,31.8701,-1.0,0,0.004925
20100316,14684,31.77,31.87,-1.0,0,0.0609
20100317,14685,31.6901,31.7901,-1.0,0,0.214482758621
20100318,14686,31.7701,31.8701,-1.0,0,0.0644444444444
20100319,14687,31.7401,31.8401,-1.0,0,0.0375
20100322,14690,31.8301,31.9301,-1.0,0,0.0514285714286
20100323,14691,31.8001,31.9001,-1.0,0,0.01
20100324,14692,31.7901,31.8901,-1.0,0,0.04
20100325,14693,31.8301,31.9301,-1.0,0,0.02
20100326,14694,31.8301,31.9301,-1.0,0,0.132166666667
20100329,14697,31.7601,31.8601,-1.0,0,0.028
20100330,14698,31.7601,31.8601,-1.0,0,0.0
20100331,14699,31.7601,31.8601,-1.0,0,0.03
20100401,14700,31.7301,31.8301,-1.0,0,0.005
20100402,14701,31.6901,31.7901,-1.0,0,0.0190909090909
20100406,14705,31.6401,31.7401,-1.0,0,0.0483333333333
20100407,14706,31.5701,31.6701,-1.0,0,0.06
20100408,14707,31.6301,31.7301,-1.0,0,0.0666666666667
20100409,14708,31.5601,31.6601,-1.0,0,0.05
20100412,14711,31.5101,31.6101,-1.0,0,0.0275
20100413,14712,31.5301,31.6301,-1.0,0,0.159
20100414,14713,31.4101,31.5101,-1.0,0,0.015
20100415,14714,31.3201,31.4201,-1.0,0,0.168064516129
20100416,14715,31.3401,31.4401,-1.0,0,0.01
20100419,14718,31.4401,31.5401,-1.0,0,0.127272727273
20100420,14719,31.3901,31.4901,-1.0,0,0.02005
20100421,14720,31.3,31.4,-1.0,0,0.1001
20100422,14721,31.3401,31.4401,-1.0,0,0.01495
20100423,14722,31.4101,31.5101,-1.0,0,0.11006
20100426,14725,31.3001,31.4001,-1.0,0,1.15229383378
20100427,14726,31.3601,31.4601,-1.0,0,0.0371428571429
20100428,14727,31.3701,31.4701,-1.0,0,0.01
20100429,14728,31.4001,31.5001,-1.0,0,0.04
20100430,14729,31.3601,31.4601,-1.0,0,0.05
20100503,14732,31.4601,31.5601,-1.0,0,0.06375
20100504,14733,31.4101,31.5101,-1.0,0,0.246363636364
20100505,14734,31.5501,31.6501,-1.0,0,0.0
20100506,14735,31.6901,31.7901,-1.0,0,0.0266666666667
20100507,14736,31.7901,31.8901,-1.0,0,0.301428571429
20100510,14739,31.5401,31.6401,-1.0,0,0.25724137931
20100511,14740,31.7701,31.8701,-1.0,0,0.08
20100512,14741,31.8401,31.9401,-1.0,0,0.194666666667
20100513,14742,31.7201,31.8201,-1.0,0,0.143325
20100514,14743,31.7901,31.8901,-1.0,0,0.0075
20100517,14746,32.0301,32.1301,-1.0,0,0.15
20100518,14747,31.9201,32.0201,-1.0,0,0.0943125
20100519,14748,32.0401,32.1401,-1.0,0,0.0297
20100520,14749,32.121,32.221,-1.0,0,0.00545
20100521,14750,32.191,32.291,-1.0,0,0.180063636364
20100524,14753,32.12,32.22,-1.0,0,0.172407692308
20100525,14754,32.3301,32.4301,-1.0,0,0.258863636364
20100526,14755,32.2901,32.3901,-1.0,0,0.11
20100527,14756,32.0301,32.1301,-1.0,0,0.242222222222
20100528,14757,32.1201,32.2201,-1.0,0,0.055
20100531,14760,32.1701,32.2701,-1.0,0,0.124
20100601,14761,32.3601,32.4601,-1.0,0,0.301428571429
20100602,14762,32.2601,32.3601,-1.0,0,0.045
20100603,14763,32.0701,32.1701,-1.0,0,0.344
20100604,14764,32.3001,32.4001,-1.0,0,0.163333333333
20100607,14767,32.4701,32.5701,-1.0,0,0.068
20100608,14768,32.4601,32.5601,-1.0,0,0.01
20100609,14769,32.4701,32.5701,-1.0,0,2.18076671368
20100610,14770,32.4401,32.5401,-1.0,0,0.015
20100611,14771,32.3801,32.4801,-1.0,0,0.022
20100614,14774,32.3001,32.4001,-1.0,0,0.0386875
20100615,14775,32.28,32.38,-1.0,0,0.00673333333333
20100617,14777,32.26,32.36,-1.0,0,0.203233333333
20100618,14778,32.14,32.24,-1.0,0,0.017525
20100621,14781,31.8501,31.9501,-1.0,0,0.547472527473
20100622,14782,32.0401,32.1401,-1.0,0,0.05
20100623,14783,32.1301,32.2301,-1.0,0,0.202
20100624,14784,32.16,32.26,-1.0,0,0.03192
20100625,14785,32.13,32.23,-1.0,0,0.02
20100628,14788,32.12,32.22,-1.0,0,0.07885
20100629,14789,32.22,32.32,-1.0,0,0.0599666666667
20100630,14790,32.22,32.32,-1.0,0,0.01005
20100701,14791,32.2401,32.3401,-1.0,0,0.381139240506
20100702,14792,32.2201,32.3201,-1.0,0,0.0025
20100705,14795,32.1701,32.2701,-1.0,0,0.002
20100706,14796,32.1501,32.2501,-1.0,0,0.0316666666667
20100707,14797,32.1701,32.2701,-1.0,0,0.0575
20100708,14798,32.1301,32.2301,-1.0,0,0.01
20100709,14799,32.0701,32.1701,-1.0,0,0.1156
20100712,14802,32.2001,32.3001,-1.0,0,0.005
20100713,14803,32.2501,32.3501,-1.0,0,0.18
20100714,14804,32.1401,32.2401,-1.0,0,0.0566666666667
20100715,14805,32.1301,32.2301,-1.0,0,0.015
20100716,14806,32.0901,32.1901,-1.0,0,0.118461538462
20100719,14809,32.1001,32.2001,-1.0,0,0.004
20100720,14810,32.1001,32.2001,-1.0,0,0.0
20100721,14811,32.1001,32.2001,-1.0,0,0.0233333333333
20100722,14812,32.1301,32.2301,-1.0,0,0.052
20100723,14813,32.1001,32.2001,-1.0,0,0.015
20100726,14816,32.0701,32.1701,-1.0,0,0.246666666667
20100727,14817,32.0401,32.1401,-1.0,0,0.005
20100728,14818,32.0201,32.1201,-1.0,0,0.045
20100729,14819,31.9301,32.0301,-1.0,0,0.035
20100730,14820,31.9201,32.0201,-1.0,0,0.038
20100802,14823,31.7601,31.8601,-1.0,0,0.0125
20100803,14824,31.6901,31.7901,-1.0,0,0.396956521739
20100804,14825,31.7401,31.8401,-1.0,0,0.02
20100805,14826,31.7501,31.8501,-1.0,0,0.0542857142857
20100806,14827,31.6901,31.7901,-1.0,0,0.052
20100809,14830,31.7301,31.8301,-1.0,0,0.025
20100810,14831,31.7101,31.8101,-1.0,0,0.0722727272727
20100811,14832,31.7701,31.8701,-1.0,0,0.015
20100812,14833,31.8601,31.9601,-1.0,0,0.114
20100813,14834,31.8501,31.9501,-1.0,0,0.015
20100816,14837,31.8801,31.9801,-1.0,0,0.028
20100817,14838,31.8501,31.9501,-1.0,0,0.0236363636364
20100818,14839,31.8801,31.9801,-1.0,0,0.0233333333333
20100819,14840,31.8601,31.9601,-1.0,0,0.022
20100820,14841,31.8701,31.9701,-1.0,0,0.0025
20100823,14844,31.8901,31.9901,-1.0,0,0.0715384615385
20100824,14845,31.9601,32.0601,-1.0,0,0.025
20100825,14846,31.9801,32.0801,-1.0,0,0.149444444444
20100826,14847,31.9601,32.0601,-1.0,0,0.005
20100827,14848,31.9501,32.0501,-1.0,0,0.03
20100830,14851,31.9901,32.0901,-1.0,0,0.022
20100831,14852,31.9901,32.0901,-1.0,0,0.005
20100901,14853,31.9801,32.0801,-1.0,0,0.0875
20100902,14854,31.9501,32.0501,-1.0,0,0.02
20100903,14855,31.8801,31.9801,-1.0,0,0.04
20100906,14858,31.8301,31.9301,-1.0,0,0.0985714285714
20100907,14859,31.9201,32.0201,-1.0,0,0.045
20100908,14860,31.9201,32.0201,-1.0,0,0.900187741935
20100909,14861,31.8501,31.9501,-1.0,0,0.01
20100910,14862,31.8001,31.9001,-1.0,0,0.028
20100913,14865,31.6901,31.7901,-1.0,0,0.105
20100914,14866,31.6801,31.7801,-1.0,0,0.035
20100915,14867,31.7401,31.8401,-1.0,0,0.03
20100916,14868,31.7201,31.8201,-1.0,0,0.0666666666667
20100917,14869,31.6201,31.7201,-1.0,0,0.154615384615
20100920,14872,31.6901,31.7901,-1.0,0,0.0025
20100921,14873,31.7101,31.8101,-1.0,0,0.33694137931
20100923,14875,31.49,31.59,-1.0,0,0.120071428571
20100924,14876,31.5,31.6,-1.0,0,0.036
20100927,14879,31.35,31.45,-1.0,0,0.045
20100928,14880,31.36,31.46,-1.0,0,0.1189
20100929,14881,31.19,31.29,-1.0,0,0.0633666666667
20100930,14882,31.21,31.31,-1.0,0,0.09495
20101001,14883,31.0401,31.1401,-1.0,0,0.191357142857
20101004,14886,30.95,31.05,-1.0,0,0.090025
20101005,14887,31.04,31.14,-1.0,0,0.2137375
20101006,14888,30.8,30.9,-1.0,0,0.07
20101007,14889,30.7,30.8,-1.0,0,0.3500546875
20101008,14890,30.88,30.98,-1.0,0,0.138
20101011,14893,30.77,30.87,-1.0,0,0.1325
20101012,14894,30.91,31.01,-1.0,0,0.2075
20101013,14895,30.8,30.9,-1.0,0,0.025
20101014,14896,30.64,30.74,-1.0,0,0.0766666666667
20101015,14897,30.62,30.72,-1.0,0,0.25
20101018,14900,30.76,30.86,-1.0,0,0.014
20101019,14901,30.79,30.89,-1.0,0,0.005
20101020,14902,30.83,30.93,-1.0,0,0.1725
20101021,14903,30.73,30.83,-1.0,0,0.046
20101022,14904,30.76,30.86,-1.0,0,0.0725
20101025,14907,30.56,30.66,-1.0,0,0.184285714286
20101026,14908,30.61,30.71,-1.0,0,0.025
20101027,14909,30.71,30.81,-1.0,0,0.41
20101028,14910,30.65,30.75,-1.0,0,0.005
20101029,14911,30.58,30.68,-1.0,0,0.014
20101101,14914,30.42,30.52,-1.0,0,0.0971428571429
20101102,14915,30.43,30.53,-1.0,0,0.0
20101103,14916,30.44,30.54,-1.0,0,0.22
20101104,14917,30.2101,30.3101,-1.0,0,0.0499
20101105,14918,30.08,30.18,-1.0,0,0.204
20101108,14921,30.13,30.23,-1.0,0,0.02
20101109,14922,30.1,30.2,-1.0,0,0.03
20101110,14923,30.13,30.23,-1.0,0,0.116666666667
20101111,14924,30.0,30.1,-1.0,0,0.982456321839
20101112,14925,30.16,30.26,-1.0,0,0.1025
20101115,14928,30.23,30.33,-1.0,0,0.2634
20101116,14929,30.6801,30.7801,-1.0,0,0.19505
20101117,14930,30.7401,30.8401,-1.0,0,0.487436842105
20101118,14931,30.35,30.45,-1.0,0,0.28608
20101119,14932,30.27,30.37,-1.0,0,0.0475
20101122,14935,30.22,30.32,-1.0,0,0.543176923077
20101123,14936,30.39,30.49,-1.0,0,0.147142857143
20101124,14937,30.4,30.5,-1.0,0,0.04
20101125,14938,30.33,30.43,-1.0,0,0.0566666666667
20101126,14939,30.42,30.52,-1.0,0,0.0775
20101129,14942,30.38,30.48,-1.0,0,0.3475875
20101130,14943,30.8001,30.9001,-1.0,0,1.22155588235
20101201,14944,30.38,30.48,-1.0,0,0.240066666667
20101202,14945,30.32,30.42,-1.0,0,0.0
20101203,14946,30.26,30.36,-1.0,0,0.36809
20101206,14949,30.1,30.2,-1.0,0,0.01
20101207,14950,30.06,30.16,-1.0,0,0.512
20101208,14951,30.65,30.75,-1.0,0,0.608518518519
20101209,14952,30.04,30.14,-1.0,0,0.538636363636
20101210,14953,30.02,30.12,-1.0,0,0.0075
20101213,14956,29.99,30.09,-1.0,0,0.103333333333
20101214,14957,29.85,29.95,-1.0,0,0.05
20101215,14958,29.81,29.91,-1.0,0,0.14
20101216,14959,29.82,29.92,-1.0,0,0.015
20101217,14960,29.8,29.9,-1.0,0,0.0214285714286
20101220,14963,29.83,29.93,-1.0,0,0.0075
20101221,14964,29.83,29.93,-1.0,0,0.01
20101222,14965,29.85,29.95,-1.0,0,0.0225
20101223,14966,29.83,29.93,-1.0,0,0.43
20101224,14967,29.65,29.75,-1.0,0,0.106
20101227,14970,29.46,29.56,-1.0,0,0.0475
20101228,14971,29.46,29.56,-1.0,0,0.165714285714
20101229,14972,29.34,29.44,-1.0,0,0.07
20101230,14973,29.08,29.18,-1.0,0,0.955457142857
20101231,14974,29.15,29.25,-1.0,0,0.0633333333333
20110103,14977,29.05,29.15,-1.0,0,0.082
20110104,14978,29.12,29.22,-1.0,0,0.035
20110105,14979,29.12,29.22,-1.0,0,0.174285714286
20110106,14980,29.33,29.43,-1.0,0,0.279615384615
20110107,14981,29.32,29.42,-1.0,0,0.026
20110110,14984,29.19,29.29,-1.0,0,0.0025
20110111,14985,29.15,29.25,-1.0,0,0.0771428571429
20110112,14986,29.03,29.13,-1.0,0,0.03
20110113,14987,28.97,29.07,-1.0,0,0.227368421053
20110114,14988,28.97,29.07,-1.0,0,0.0
20110117,14991,28.97,29.07,-1.0,0,0.008
20110118,14992,28.98,29.08,-1.0,0,0.01
20110119,14993,28.97,29.07,-1.0,0,0.0825
20110120,14994,29.05,29.15,-1.0,0,0.025
20110121,14995,29.08,29.18,-1.0,0,0.11
20110124,14998,29.0,29.1,-1.0,0,0.0025
20110125,14999,28.97,29.07,-1.0,0,0.244572413793
20110126,15000,28.99,29.09,-1.0,0,0.01
20110127,15001,28.99,29.09,-1.0,0,0.1534
20110128,15002,29.2301,29.3301,-1.0,0,0.39766097561
20110131,15005,28.99,29.09,-1.0,0,0.115075
20110201,15006,28.98,29.08,-1.0,0,0.00625
20110208,15013,28.86,28.96,-1.0,0,0.101111111111
20110209,15014,28.73,28.83,-1.0,0,0.840608928571
20110210,15015,28.88,28.98,-1.0,0,0.05
20110211,15016,29.13,29.23,-1.0,0,0.263986666667
20110214,15019,29.26,29.36,-1.0,0,0.065
20110215,15020,29.39,29.49,-1.0,0,0.192
20110216,15021,29.38,29.48,-1.0,0,0.005
20110217,15022,29.36,29.46,-1.0,0,0.01
20110218,15023,29.33,29.43,-1.0,0,0.015
20110221,15026,29.3,29.4,-1.0,0,0.307
20110222,15027,29.5,29.6,-1.0,0,0.09
20110223,15028,29.52,29.62,-1.0,0,0.0800666666667
20110224,15029,29.7501,29.8501,-1.0,0,0.933087878788
20110225,15030,29.7,29.8,-1.0,0,0.00808
20110301,15034,29.54,29.64,-1.0,0,0.0850166666667
20110302,15035,29.6,29.7,-1.0,0,0.172475
20110303,15036,29.47,29.57,-1.0,0,0.01
20110304,15037,29.32,29.42,-1.0,0,0.294310526316
20110307,15040,29.35,29.45,-1.0,0,0.0075
20110308,15041,29.35,29.45,-1.0,0,0.03
20110309,15042,29.32,29.42,-1.0,0,0.164285714286
20110310,15043,29.45,29.55,-1.0,0,0.015
20110311,15044,29.55,29.65,-1.0,0,0.1565
20110314,15047,29.43,29.53,-1.0,0,0.115384615385
20110315,15048,29.5,29.6,-1.0,0,0.0425
20110316,15049,29.5,29.6,-1.0,0,0.0133333333333
20110317,15050,29.52,29.62,-1.0,0,0.0
20110318,15051,29.54,29.64,-1.0,0,0.07
20110321,15054,29.52,29.62,-1.0,0,0.025
20110322,15055,29.48,29.58,-1.0,0,0.0533333333333
20110323,15056,29.53,29.63,-1.0,0,0.025
20110324,15057,29.53,29.63,-1.0,0,0.462911764706
20110325,15058,29.41,29.51,-1.0,0,0.103333333333
20110328,15061,29.44,29.54,-1.0,0,0.018
20110329,15062,29.42,29.52,-1.0,0,0.015
20110330,15063,29.43,29.53,-1.0,0,0.152
20110331,15064,29.3601,29.4601,-1.0,0,0.0351
20110401,15065,29.22,29.32,-1.0,0,0.0922222222222
20110406,15070,28.96,29.06,-1.0,0,0.0314285714286
20110407,15071,28.93,29.03,-1.0,0,0.0
20110408,15072,28.9,29.0,-1.0,0,0.29565625
20110411,15075,28.89,28.99,-1.0,0,0.115
20110412,15076,29.04,29.14,-1.0,0,0.0854545454545
20110413,15077,29.0,29.1,-1.0,0,0.0
20110414,15078,28.96,29.06,-1.0,0,0.0828571428571
20110415,15079,28.97,29.07,-1.0,0,0.008
20110418,15082,29.03,29.13,-1.0,0,0.0
20110419,15083,29.05,29.15,-1.0,0,0.296633333333
20110420,15084,28.95,29.05,-1.0,0,0.01
20110421,15085,28.83,28.93,-1.0,0,0.165714285714
20110422,15086,28.85,28.95,-1.0,0,0.014
20110425,15089,28.86,28.96,-1.0,0,0.0025
20110426,15090,28.86,28.96,-1.0,0,0.153
20110427,15091,28.8,28.9,-1.0,0,0.07
20110428,15092,28.6,28.7,-1.0,0,0.06
20110429,15093,28.56,28.66,-1.0,0,0.221863636364
20110503,15097,28.49,28.59,-1.0,0,0.104285714286
20110504,15098,28.51,28.61,-1.0,0,0.005
20110505,15099,28.54,28.64,-1.0,0,0.0366666666667
20110506,15100,28.62,28.72,-1.0,0,0.118275
20110509,15103,28.55,28.65,-1.0,0,0.004925
20110510,15104,28.5201,28.6201,-1.0,0,0.02802
20110511,15105,28.4601,28.5601,-1.0,0,4.74052930187
20110512,15106,28.5901,28.6901,-1.0,0,0.0750166666667
20110513,15107,28.6001,28.7001,-1.0,0,0.02998
20110516,15110,28.7501,28.8501,-1.0,0,0.007575
20110517,15111,28.79,28.89,-1.0,0,0.141328571429
20110518,15112,28.7701,28.8701,-1.0,0,0.00995
20110519,15113,28.7701,28.8701,-1.0,0,0.0400333333333
20110520,15114,28.7001,28.8001,-1.0,0,0.1311875
20110523,15117,28.8701,28.9701,-1.0,0,0.05
20110524,15118,28.8401,28.9401,-1.0,0,0.045
20110525,15119,28.9001,29.0001,-1.0,0,0.385486725664
20110526,15120,28.8501,28.9501,-1.0,0,0.02
20110527,15121,28.7601,28.8601,-1.0,0,0.068
20110530,15124,28.7201,28.8201,-1.0,0,0.0771428571429
20110531,15125,28.6101,28.7101,-1.0,0,0.02
20110601,15126,28.5401,28.6401,-1.0,0,0.36
20110602,15127,28.6401,28.7401,-1.0,0,0.0794736842105
20110603,15128,28.6201,28.7201,-1.0,0,0.022
20110607,15132,28.6501,28.7501,-1.0,0,0.0183333333333
20110608,15133,28.6301,28.7301,-1.0,0,0.106666666667
20110609,15134,28.7201,28.8201,-1.0,0,0.065
20110610,15135,28.7401,28.8401,-1.0,0,0.0075
20110613,15138,28.7701,28.8701,-1.0,0,0.0166666666667
20110614,15139,28.7701,28.8701,-1.0,0,0.0
20110615,15140,28.7701,28.8701,-1.0,0,0.0645454545455
20110616,15141,28.8701,28.9701,-1.0,0,0.068
20110617,15142,28.8901,28.9901,-1.0,0,0.005
20110620,15145,28.9301,29.0301,-1.0,0,0.315652173913
20110621,15146,28.8801,28.9801,-1.0,0,0.02
20110622,15147,28.7901,28.8901,-1.0,0,0.122222222222
20110623,15148,28.8201,28.9201,-1.0,0,0.01
20110624,15149,28.8301,28.9301,-1.0,0,0.0075
20110627,15152,28.8901,28.9901,-1.0,0,0.0571428571429
20110628,15153,28.8701,28.9701,-1.0,0,0.0
20110629,15154,28.8501,28.9501,-1.0,0,0.1
20110630,15155,28.6701,28.7701,-1.0,0,0.14
20110701,15156,28.7101,28.8101,-1.0,0,0.045
20110704,15159,28.6501,28.7501,-1.0,0,0.274246575342
20110705,15160,28.7301,28.8301,-1.0,0,0.02
20110706,15161,28.7701,28.8701,-1.0,0,0.0843
20110707,15162,28.7601,28.8601,-1.0,0,0.02
20110708,15163,28.7101,28.8101,-1.0,0,0.0899666666667
20110711,15166,28.78,28.88,-1.0,0,0.042525
20110712,15167,28.86,28.96,-1.0,0,0.0899
20110713,15168,28.8201,28.9201,-1.0,0,0.00505
20110714,15169,28.7701,28.8701,-1.0,0,0.0866
20110715,15170,28.84,28.94,-1.0,0,0.037425
20110718,15173,28.9,29.0,-1.0,0,0.190577966102
20110719,15174,28.84,28.94,-1.0,0,0.015
20110720,15175,28.81,28.91,-1.0,0,0.0433333333333
20110721,15176,28.83,28.93,-1.0,0,0.0275
20110722,15177,28.77,28.87,-1.0,0,0.0544888888889
20110725,15180,28.78,28.88,-1.0,0,0.03394
20110726,15181,28.7601,28.8601,-1.0,0,0.00505
20110727,15182,28.7301,28.8301,-1.0,0,0.16992
20110728,15183,28.7901,28.8901,-1.0,0,0.05
20110729,15184,28.7901,28.8901,-1.0,0,0.0025
20110801,15187,28.7801,28.8801,-1.0,0,0.01
20110802,15188,28.7901,28.8901,-1.0,0,0.055
20110803,15189,28.8401,28.9401,-1.0,0,0.00666666666667
20110804,15190,28.8801,28.9801,-1.0,0,0.0
20110805,15191,28.9201,29.0201,-1.0,0,0.045
20110808,15194,28.9601,29.0601,-1.0,0,0.173333333333
20110809,15195,28.9601,29.0601,-1.0,0,0.015
20110810,15196,28.9301,29.0301,-1.0,0,0.025
20110811,15197,28.9401,29.0401,-1.0,0,0.0
20110812,15198,28.9501,29.0501,-1.0,0,0.0471428571429
20110815,15201,28.8601,28.9601,-1.0,0,0.0825
20110816,15202,28.8801,28.9801,-1.0,0,0.015
20110817,15203,28.8701,28.9701,-1.0,0,0.035
20110818,15204,28.9201,29.0201,-1.0,0,0.01
20110819,15205,28.9501,29.0501,-1.0,0,0.0427272727273
20110822,15208,28.9601,29.0601,-1.0,0,0.025
20110823,15209,28.9301,29.0301,-1.0,0,0.0428571428571
20110824,15210,28.9601,29.0601,-1.0,0,0.01
20110825,15211,28.9801,29.0801,-1.0,0,0.005
20110826,15212,28.9901,29.0901,-1.0,0,0.104117647059
20110829,15215,28.9801,29.0801,-1.0,0,0.0025
20110830,15216,28.9801,29.0801,-1.0,0,0.05
20110831,15217,28.9601,29.0601,-1.0,0,0.02
20110901,15218,28.9001,29.0001,-1.0,0,1.23952054795
20110902,15219,28.9601,29.0601,-1.0,0,0.0328571428571
20110905,15222,28.9801,29.0801,-1.0,0,0.045
20110906,15223,29.0601,29.1601,-1.0,0,0.0433333333333
20110907,15224,29.0501,29.1501,-1.0,0,0.025
20110908,15225,29.0901,29.1901,-1.0,0,0.109444444444
20110909,15226,29.1501,29.2501,-1.0,0,0.008
20110913,15230,29.4301,29.5301,-1.0,0,0.035
20110914,15231,29.5401,29.6401,-1.0,0,0.133636363636
20110915,15232,29.5701,29.6701,-1.0,0,0.04
20110916,15233,29.5201,29.6201,-1.0,0,0.072
20110919,15236,29.6701,29.7701,-1.0,0,0.472857142857
20110920,15237,29.8501,29.9501,-1.0,0,0.07
20110921,15238,29.8901,29.9901,-1.0,0,0.233333333333
20110922,15239,30.3501,30.4501,-1.0,0,0.349090909091
20110923,15240,30.3501,30.4501,-1.0,0,0.0475
20110926,15243,30.5401,30.6401,-1.0,0,0.178571428571
20110927,15244,30.4101,30.5101,-1.0,0,0.0733333333333
20110928,15245,30.3701,30.4701,-1.0,0,0.02
20110929,15246,30.3701,30.4701,-1.0,0,0.143333333333
20110930,15247,30.4401,30.5401,-1.0,0,0.03
20111003,15250,30.5301,30.6301,-1.0,0,0.048
20111004,15251,30.6301,30.7301,-1.0,0,1.95941215559
20111005,15252,30.5801,30.6801,-1.0,0,0.015
20111006,15253,30.5601,30.6601,-1.0,0,0.0566666666667
20111007,15254,30.4401,30.5401,-1.0,0,0.04
20111011,15258,30.2801,30.3801,-1.0,0,0.09625
20111012,15259,30.3401,30.4401,-1.0,0,0.0853846153846
20111013,15260,30.2301,30.3301,-1.0,0,0.046
20111014,15261,30.2401,30.3401,-1.0,0,0.0625
20111017,15264,30.0201,30.1201,-1.0,0,0.279031818182
20111018,15265,30.0901,30.1901,-1.0,0,0.06
20111019,15266,30.0401,30.1401,-1.0,0,0.09
20111020,15267,30.1901,30.2901,-1.0,0,0.05
20111021,15268,30.2401,30.3401,-1.0,0,0.197822222222
20111024,15271,30.07,30.17,-1.0,0,0.06804
20111025,15272,30.07,30.17,-1.0,0,0.0
20111026,15273,30.07,30.17,-1.0,0,0.200825
20111027,15274,30.01,30.11,-1.0,0,0.075
20111028,15275,29.8,29.9,-1.0,0,0.59758125
20111031,15278,29.87,29.97,-1.0,0,0.11
20111101,15279,30.03,30.13,-1.0,0,0.0633333333333
20111102,15280,30.05,30.15,-1.0,0,0.045
20111103,15281,30.16,30.26,-1.0,0,0.231111111111
20111104,15282,29.98,30.08,-1.0,0,0.155
20111107,15285,30.05,30.15,-1.0,0,0.052
20111108,15286,30.05,30.15,-1.0,0,0.02
20111109,15287,30.01,30.11,-1.0,0,0.212857142857
20111110,15288,30.18,30.28,-1.0,0,0.145333333333
20111111,15289,30.13,30.23,-1.0,0,0.0325
20111114,15292,30.11,30.21,-1.0,0,0.0772727272727
20111115,15293,30.15,30.25,-1.0,0,0.01
20111116,15294,30.17,30.27,-1.0,0,0.0333333333333
20111117,15295,30.15,30.25,-1.0,0,0.0275
20111118,15296,30.2,30.3,-1.0,0,0.0385714285714
20111121,15299,30.2,30.3,-1.0,0,0.137142857143
20111122,15300,30.26,30.36,-1.0,0,0.01
20111123,15301,30.34,30.44,-1.0,0,0.02
20111124,15302,30.38,30.48,-1.0,0,0.304807692308
20111125,15303,30.38,30.48,-1.0,0,0.0025
20111128,15306,30.39,30.49,-1.0,0,0.034
20111129,15307,30.35,30.45,-1.0,0,0.184285714286
20111130,15308,30.28,30.38,-1.0,0,0.065
20111201,15309,30.08,30.18,-1.0,0,0.286
20111202,15310,30.1,30.2,-1.0,0,0.01
20111205,15313,30.12,30.22,-1.0,0,0.032
20111206,15314,30.17,30.27,-1.0,0,0.0536363636364
20111207,15315,30.11,30.21,-1.0,0,0.0583333333333
20111208,15316,30.12,30.22,-1.0,0,0.02
20111209,15317,30.17,30.27,-1.0,0,0.04
20111212,15320,30.16,30.26,-1.0,0,0.0727777777778
20111213,15321,30.2,30.3,-1.0,0,0.01
20111214,15322,30.22,30.32,-1.0,0,0.04
20111215,15323,30.31,30.41,-1.0,0,0.0771428571429
20111216,15324,30.31,30.41,-1.0,0,0.005
20111219,15327,30.33,30.43,-1.0,0,0.735
20111220,15328,30.28,30.38,-1.0,0,0.005
20111221,15329,30.24,30.34,-1.0,0,0.0728571428571
20111222,15330,30.25,30.35,-1.0,0,0.01
20111223,15331,30.23,30.33,-1.0,0,0.0175
20111226,15334,30.24,30.34,-1.0,0,0.0166666666667
20111227,15335,30.26,30.36,-1.0,0,0.0266666666667
20111228,15336,30.25,30.35,-1.0,0,0.005
20111229,15337,30.23,30.33,-1.0,0,0.01
20111230,15338,30.23,30.33,-1.0,0,0.025
20120102,15341,30.26,30.36,-1.0,0,0.0768421052632
20120103,15342,30.24,30.34,-1.0,0,0.005
20120104,15343,30.23,30.33,-1.0,0,0.01
20120105,15344,30.2,30.3,-1.0,0,0.005
20120106,15345,30.18,30.28,-1.0,0,0.0171428571429
20120109,15348,30.15,30.25,-1.0,0,0.199615384615
20120110,15349,29.98,30.08,-1.0,0,0.055
20120111,15350,29.92,30.02,-1.0,0,0.180967741935
20120112,15351,29.92,30.02,-1.0,0,0.005
20120113,15352,29.93,30.03,-1.0,0,0.018
20120116,15355,29.99,30.09,-1.0,0,0.07
20120117,15356,29.91,30.01,-1.0,0,0.04
20120118,15357,29.91,30.01,-1.0,0,0.02
20120119,15358,29.87,29.97,-1.0,0,0.0675
20120120,15359,29.92,30.02,-1.0,0,0.164482758621
20120130,15369,29.69,29.79,-1.0,0,0.116153846154
20120131,15370,29.54,29.64,-1.0,0,0.0766666666667
20120201,15371,29.61,29.71,-1.0,0,0.105
20120202,15372,29.47,29.57,-1.0,0,0.1055
20120203,15373,29.48,29.58,-1.0,0,0.025
20120204,15374,29.44,29.54,-1.0,0,0.065
20120206,15376,29.54,29.64,-1.0,0,0.115714285714
20120207,15377,29.5,29.6,-1.0,0,0.005
20120208,15378,29.47,29.57,-1.0,0,0.03
20120209,15379,29.39,29.49,-1.0,0,0.763857419355
20120210,15380,29.48,29.58,-1.0,0,0.064
20120213,15383,29.47,29.57,-1.0,0,0.04
20120214,15384,29.52,29.62,-1.0,0,0.08
20120215,15385,29.45,29.55,-1.0,0,0.0685714285714
20120216,15386,29.54,29.64,-1.0,0,0.122608695652
20120217,15387,29.5,29.6,-1.0,0,0.0275
20120220,15390,29.49,29.59,-1.0,0,0.04
20120221,15391,29.5,29.6,-1.0,0,0.0
20120222,15392,29.51,29.61,-1.0,0,0.00666666666666
20120223,15393,29.53,29.63,-1.0,0,0.0175
20120224,15394,29.52,29.62,-1.0,0,0.0969230769231
20120229,15399,29.35,29.45,-1.0,0,0.2
20120301,15400,29.4,29.5,-1.0,0,0.03
20120302,15401,29.38,29.48,-1.0,0,0.015
20120303,15402,29.39,29.49,-1.0,0,0.04
20120305,15404,29.45,29.55,-1.0,0,0.01
20120306,15405,29.47,29.57,-1.0,0,0.0
20120307,15406,29.49,29.59,-1.0,0,0.0807692307692
20120308,15407,29.45,29.55,-1.0,0,0.015
20120309,15408,29.44,29.54,-1.0,0,0.045
20120312,15411,29.47,29.57,-1.0,0,0.012
20120313,15412,29.46,29.56,-1.0,0,0.01
20120314,15413,29.47,29.57,-1.0,0,0.02
20120315,15414,29.5,29.6,-1.0,0,0.048
20120316,15415,29.5,29.6,-1.0,0,0.01
20120319,15418,29.46,29.56,-1.0,0,0.0805263157895
20120320,15419,29.49,29.59,-1.0,0,0.005
20120321,15420,29.51,29.61,-1.0,0,0.0185714285714
20120322,15421,29.5,29.6,-1.0,0,0.022
20120323,15422,29.52,29.62,-1.0,0,0.0025
20120326,15425,29.57,29.67,-1.0,0,0.339012345679
20120327,15426,29.52,29.62,-1.0,0,0.015
20120328,15427,29.5,29.6,-1.0,0,0.03
20120329,15428,29.51,29.61,-1.0,0,0.0225
20120330,15429,29.46,29.56,-1.0,0,0.035
20120402,15432,29.44,29.54,-1.0,0,0.01
20120403,15433,29.42,29.52,-1.0,0,0.115333333333
20120405,15435,29.44,29.54,-1.0,0,0.02
20120406,15436,29.48,29.58,-1.0,0,0.025
20120409,15439,29.49,29.59,-1.0,0,0.0645454545455
20120410,15440,29.49,29.59,-1.0,0,0.0
20120411,15441,29.49,29.59,-1.0,0,0.015
20120412,15442,29.48,29.58,-1.0,0,0.005
20120413,15443,29.46,29.56,-1.0,0,0.0175
20120416,15446,29.48,29.58,-1.0,0,0.025
20120417,15447,29.47,29.57,-1.0,0,0.005
20120418,15448,29.47,29.57,-1.0,0,0.005
20120419,15449,29.46,29.56,-1.0,0,0.0
20120420,15450,29.45,29.55,-1.0,0,0.0122222222222
20120423,15453,29.45,29.55,-1.0,0,0.0
20120424,15454,29.45,29.55,-1.0,0,0.008
20120425,15455,29.44,29.54,-1.0,0,0.264285714286
20120426,15456,29.33,29.43,-1.0,0,0.02
20120427,15457,29.26,29.36,-1.0,0,0.048
20120430,15460,29.11,29.21,-1.0,0,0.638922155689
20120502,15462,29.14,29.24,-1.0,0,0.0166666666667
20120503,15463,29.18,29.28,-1.0,0,0.01
20120504,15464,29.19,29.29,-1.0,0,0.0285714285714
20120507,15467,29.3,29.4,-1.0,0,0.05
20120508,15468,29.28,29.38,-1.0,0,0.0233333333333
20120509,15469,29.31,29.41,-1.0,0,0.015
20120510,15470,29.31,29.41,-1.0,0,0.0428571428571
20120511,15471,29.35,29.45,-1.0,0,0.005
20120514,15474,29.45,29.55,-1.0,0,0.0413333333333
20120515,15475,29.43,29.53,-1.0,0,0.11125
20120516,15476,29.57,29.67,-1.0,0,0.211724137931
20120517,15477,29.47,29.57,-1.0,0,0.0816666666667
20120518,15478,29.55,29.65,-1.0,0,0.082
20120521,15481,29.52,29.62,-1.0,0,0.0375
20120522,15482,29.46,29.56,-1.0,0,0.105384615385
20120523,15483,29.49,29.59,-1.0,0,0.015
20120524,15484,29.55,29.65,-1.0,0,0.0166666666667
20120525,15485,29.57,29.67,-1.0,0,0.0671428571429
20120528,15488,29.56,29.66,-1.0,0,0.0025
20120529,15489,29.56,29.66,-1.0,0,0.270857142857
20120530,15490,29.67,29.77,-1.0,0,0.0
20120531,15491,29.78,29.88,-1.0,0,0.02
20120601,15492,29.86,29.96,-1.0,0,0.09
20120604,15495,29.98,30.08,-1.0,0,0.45488372093
20120605,15496,29.93,30.03,-1.0,0,0.015
20120606,15497,29.85,29.95,-1.0,0,0.0233333333333
20120607,15498,29.82,29.92,-1.0,0,0.139
20120608,15499,29.92,30.02,-1.0,0,0.0952631578947
20120611,15502,29.84,29.94,-1.0,0,0.074
20120612,15503,29.91,30.01,-1.0,0,0.035
20120613,15504,29.91,30.01,-1.0,0,0.05
20120614,15505,29.89,29.99,-1.0,0,0.01
20120615,15506,29.85,29.95,-1.0,0,0.016
20120618,15509,29.8,29.9,-1.0,0,0.114444444444
20120619,15510,29.81,29.91,-1.0,0,0.01
20120620,15511,29.8,29.9,-1.0,0,0.0133333333333
20120621,15512,29.82,29.92,-1.0,0,0.0475
20120622,15513,29.89,29.99,-1.0,0,0.035
20120625,15516,29.91,30.01,-1.0,0,0.005
20120626,15517,29.91,30.01,-1.0,0,0.125185185185
20120627,15518,29.87,29.97,-1.0,0,0.0166666666667
20120628,15519,29.87,29.97,-1.0,0,0.015
20120629,15520,29.84,29.94,-1.0,0,0.0314285714286
20120702,15523,29.83,29.93,-1.0,0,0.005
20120703,15524,29.82,29.92,-1.0,0,0.0325
20120704,15525,29.77,29.87,-1.0,0,0.298235294118
20120705,15526,29.81,29.91,-1.0,0,3.5527136788e-15
20120706,15527,29.85,29.95,-1.0,0,0.0457142857143
20120709,15530,29.88,29.98,-1.0,0,0.015
20120710,15531,29.91,30.01,-1.0,0,0.028
20120711,15532,29.89,29.99,-1.0,0,0.0375
20120712,15533,29.95,30.05,-1.0,0,0.105
20120713,15534,29.95,30.05,-1.0,0,0.0
20120716,15537,29.95,30.05,-1.0,0,0.015
20120717,15538,29.92,30.02,-1.0,0,0.0225
20120718,15539,29.94,30.04,-1.0,0,0.02
20120719,15540,29.92,30.02,-1.0,0,0.01
20120720,15541,29.92,30.02,-1.0,0,0.124285714286
20120723,15544,29.99,30.09,-1.0,0,0.056
20120724,15545,30.06,30.16,-1.0,0,0.0
20120725,15546,30.13,30.23,-1.0,0,0.982818991098
20120726,15547,30.07,30.17,-1.0,0,0.005
20120727,15548,30.02,30.12,-1.0,0,0.05
20120730,15551,30.0,30.1,-1.0,0,0.04
20120731,15552,29.94,30.04,-1.0,0,0.02
20120801,15553,29.92,30.02,-1.0,0,0.0793333333333
20120802,15554,29.92,30.02,-1.0,0,0.0
20120803,15555,29.92,30.02,-1.0,0,0.0133333333333
20120806,15558,29.89,29.99,-1.0,0,0.0
20120807,15559,29.88,29.98,-1.0,0,0.0314285714286
20120808,15560,29.91,30.01,-1.0,0,0.05125
20120809,15561,29.85,29.95,-1.0,0,0.168372093023
20120810,15562,29.91,30.01,-1.0,0,0.0375
20120813,15565,29.94,30.04,-1.0,0,0.0536363636364
20120814,15566,29.9,30.0,-1.0,0,0.0414285714286
20120815,15567,29.92,30.02,-1.0,0,0.005
20120816,15568,29.95,30.05,-1.0,0,0.0333333333333
20120817,15569,29.95,30.05,-1.0,0,0.0
20120820,15572,29.95,30.05,-1.0,0,0.115714285714
20120821,15573,29.89,29.99,-1.0,0,0.0517647058824
20120822,15574,29.93,30.03,-1.0,0,0.0357142857143
20120823,15575,29.89,29.99,-1.0,0,0.0383333333333
20120824,15576,29.91,30.01,-1.0,0,0.0175
20120827,15579,29.9,30.0,-1.0,0,0.014
20120828,15580,29.92,30.02,-1.0,0,0.065
20120829,15581,29.9,30.0,-1.0,0,0.01
20120830,15582,29.9,30.0,-1.0,0,0.005
20120831,15583,29.89,29.99,-1.0,0,0.0214285714286
20120903,15586,29.83,29.93,-1.0,0,0.0075
20120904,15587,29.8,29.9,-1.0,0,0.0344444444444
20120905,15588,29.82,29.92,-1.0,0,0.015
20120906,15589,29.81,29.91,-1.0,0,0.336727272727
20120907,15590,29.75,29.85,-1.0,0,0.015
20120910,15593,29.63,29.73,-1.0,0,0.02
20120911,15594,29.61,29.71,-1.0,0,0.01
20120912,15595,29.57,29.67,-1.0,0,0.06
20120913,15596,29.6,29.7,-1.0,0,0.0933333333333
20120914,15597,29.38,29.48,-1.0,0,0.158
20120917,15600,29.32,29.42,-1.0,0,0.0075
20120918,15601,29.29,29.39,-1.0,0,0.442058823529
20120919,15602,29.3,29.4,-1.0,0,0.025
20120920,15603,29.36,29.46,-1.0,0,0.055
20120921,15604,29.28,29.38,-1.0,0,0.0783333333333
20120924,15607,29.33,29.43,-1.0,0,0.0275
20120925,15608,29.31,29.41,-1.0,0,0.026
20120926,15609,29.35,29.45,-1.0,0,0.101379310345
20120927,15610,29.32,29.42,-1.0,0,0.015
20120928,15611,29.26,29.36,-1.0,0,0.07
20121001,15614,29.27,29.37,-1.0,0,0.0185714285714
20121002,15615,29.25,29.35,-1.0,0,0.0125
20121003,15616,29.26,29.36,-1.0,0,0.0133333333333
20121004,15617,29.25,29.35,-1.0,0,0.0
20121005,15618,29.24,29.34,-1.0,0,0.02
20121008,15621,29.26,29.36,-1.0,0,0.005
20121009,15622,29.26,29.36,-1.0,0,0.0694736842105
20121011,15624,29.24,29.34,-1.0,0,0.0333333333333
20121012,15625,29.18,29.28,-1.0,0,0.035
20121015,15628,29.18,29.28,-1.0,0,0.024
20121016,15629,29.17,29.27,-1.0,0,0.01
20121017,15630,29.14,29.24,-1.0,0,0.0908163265306
20121018,15631,29.17,29.27,-1.0,0,0.0157142857143
20121019,15632,29.17,29.27,-1.0,0,0.0075
20121022,15635,29.2,29.3,-1.0,0,0.0166666666667
20121023,15636,29.23,29.33,-1.0,0,0.01
20121024,15637,29.24,29.34,-1.0,0,0.0825
20121025,15638,29.18,29.28,-1.0,0,0.0561538461538
20121026,15639,29.2,29.3,-1.0,0,0.0125
20121029,15642,29.21,29.31,-1.0,0,0.0266666666667
20121030,15643,29.2,29.3,-1.0,0,0.01
20121031,15644,29.17,29.27,-1.0,0,0.035
20121101,15645,29.19,29.29,-1.0,0,0.0166666666667
20121102,15646,29.19,29.29,-1.0,0,0.0
20121105,15649,29.19,29.29,-1.0,0,0.0
20121106,15650,29.19,29.29,-1.0,0,0.194
20121107,15651,29.11,29.21,-1.0,0,0.0166666666667
20121108,15652,29.07,29.17,-1.0,0,0.015
20121109,15653,29.0,29.1,-1.0,0,0.075
20121112,15656,28.96,29.06,-1.0,0,0.14347826087
20121113,15657,29.01,29.11,-1.0,0,0.0266666666667
20121114,15658,28.99,29.09,-1.0,0,0.03
20121115,15659,29.03,29.13,-1.0,0,0.0725
20121116,15660,29.15,29.25,-1.0,0,0.194
20121119,15663,29.11,29.21,-1.0,0,0.0275
20121120,15664,29.06,29.16,-1.0,0,0.0653846153846
20121121,15665,29.08,29.18,-1.0,0,0.005
20121122,15666,29.09,29.19,-1.0,0,0.0277777777778
20121123,15667,29.07,29.17,-1.0,0,0.012
20121126,15670,29.06,29.16,-1.0,0,0.005
20121127,15671,29.05,29.15,-1.0,0,0.0257142857143
20121128,15672,29.08,29.18,-1.0,0,0.02
20121129,15673,29.07,29.17,-1.0,0,0.0592857142857
20121130,15674,29.0,29.1,-1.0,0,0.0875
20121203,15677,29.02,29.12,-1.0,0,0.0025
20121204,15678,29.03,29.13,-1.0,0,0.018
20121205,15679,29.01,29.11,-1.0,0,0.02
20121206,15680,29.03,29.13,-1.0,0,0.0133333333333
20121207,15681,29.01,29.11,-1.0,0,0.02
20121210,15684,29.03,29.13,-1.0,0,0.034
20121211,15685,29.02,29.12,-1.0,0,0.005
20121212,15686,29.02,29.12,-1.0,0,0.01
20121213,15687,29.0,29.1,-1.0,0,0.005
20121214,15688,28.99,29.09,-1.0,0,0.0293333333333
20121217,15691,29.0,29.1,-1.0,0,0.01
20121218,15692,28.99,29.09,-1.0,0,0.008
20121219,15693,29.0,29.1,-1.0,0,0.01
20121220,15694,28.99,29.09,-1.0,0,0.012
20121221,15695,29.0,29.1,-1.0,0,0.005
20121222,15696,29.0,29.1,-1.0,0,0.00333333333333
20121224,15698,29.01,29.11,-1.0,0,0.02
20121225,15699,28.99,29.09,-1.0,0,0.0388461538462
20121226,15700,29.03,29.13,-1.0,0,0.0919047619048
20121227,15701,28.99,29.09,-1.0,0,0.0285714285714
20121228,15702,28.98,29.08,-1.0,0,0.00333333333333
20130102,15707,28.95,29.05,-1.0,0,0.0530769230769
20130103,15708,28.95,29.05,-1.0,0,0.01
20130104,15709,28.97,29.07,-1.0,0,0.016
20130107,15712,28.96,29.06,-1.0,0,0.015
20130108,15713,28.98,29.08,-1.0,0,0.055625
20130109,15714,28.96,29.06,-1.0,0,0.0
20130110,15715,28.94,29.04,-1.0,0,0.0133333333333
20130111,15716,28.9,29.0,-1.0,0,1.56337527574
20130114,15719,28.91,29.01,-1.0,0,0.0025
20130115,15720,28.91,29.01,-1.0,0,0.03
20130116,15721,28.95,29.05,-1.0,0,0.05
20130117,15722,28.92,29.02,-1.0,0,0.005
20130118,15723,28.9,29.0,-1.0,0,0.0291666666667
20130121,15726,28.92,29.02,-1.0,0,0.0175
20130122,15727,28.95,29.05,-1.0,0,0.01
20130123,15728,28.95,29.05,-1.0,0,0.28
20130124,15729,28.99,29.09,-1.0,0,0.066
20130125,15730,29.11,29.21,-1.0,0,0.0025
20130128,15733,29.48,29.58,-1.0,0,0.305
20130129,15734,29.51,29.61,-1.0,0,0.045
20130130,15735,29.45,29.55,-1.0,0,0.065
20130131,15736,29.48,29.58,-1.0,0,0.02
20130201,15737,29.55,29.65,-1.0,0,0.08
20130204,15740,29.51,29.61,-1.0,0,0.0275
20130205,15741,29.46,29.56,-1.0,0,0.158181818182
20130206,15742,29.51,29.61,-1.0,0,0.03
20130207,15743,29.5,29.6,-1.0,0,0.1
20130208,15744,29.67,29.77,-1.0,0,0.428850574713
20130218,15754,29.62,29.72,-1.0,0,0.1
20130219,15755,29.56,29.66,-1.0,0,0.005
20130220,15756,29.49,29.59,-1.0,0,0.238983050847
20130221,15757,29.59,29.69,-1.0,0,0.075
20130222,15758,29.56,29.66,-1.0,0,0.015
20130223,15759,29.56,29.66,-1.0,0,0.05
20130225,15761,29.62,29.72,-1.0,0,0.00666666666667
20130226,15762,29.64,29.74,-1.0,0,0.09
20130227,15763,29.61,29.71,-1.0,0,0.00666666666667
20130301,15765,29.57,29.67,-1.0,0,0.0533333333333
20130304,15768,29.65,29.75,-1.0,0,0.07
20130305,15769,29.62,29.72,-1.0,0,3.5527136788e-15
20130306,15770,29.59,29.69,-1.0,0,0.02
20130307,15771,29.59,29.69,-1.0,0,0.120243902439
20130308,15772,29.62,29.72,-1.0,0,0.0208333333333
20130311,15775,29.64,29.74,-1.0,0,0.0125
20130312,15776,29.63,29.73,-1.0,0,0.0190909090909
20130313,15777,29.64,29.74,-1.0,0,0.0
20130314,15778,29.65,29.75,-1.0,0,0.0
20130315,15779,29.66,29.76,-1.0,0,0.005
20130318,15782,29.7,29.8,-1.0,0,0.01
20130319,15783,29.7,29.8,-1.0,0,0.098
20130320,15784,29.74,29.84,-1.0,0,0.01
20130321,15785,29.76,29.86,-1.0,0,0.04
20130322,15786,29.85,29.95,-1.0,0,0.0865625
20130325,15789,29.81,29.91,-1.0,0,0.01
20130326,15790,29.81,29.91,-1.0,0,0.0466666666667
20130327,15791,29.85,29.95,-1.0,0,0.015
20130328,15792,29.86,29.96,-1.0,0,0.07
20130329,15793,29.78,29.88,-1.0,0,0.115294117647
20130401,15796,29.83,29.93,-1.0,0,0.02
20130402,15797,29.82,29.92,-1.0,0,0.01
20130403,15798,29.83,29.93,-1.0,0,0.04
20130408,15803,29.96,30.06,-1.0,0,0.872873194222
20130409,15804,29.96,30.06,-1.0,0,0.0266666666667
20130410,15805,29.91,30.01,-1.0,0,0.01
20130411,15806,29.88,29.98,-1.0,0,0.041
20130412,15807,29.91,30.01,-1.0,0,0.0371428571429
20130415,15810,29.87,29.97,-1.0,0,0.014
20130416,15811,29.85,29.95,-1.0,0,0.005
20130417,15812,29.82,29.92,-1.0,0,0.0233333333333
20130418,15813,29.83,29.93,-1.0,0,0.07
20130419,15814,29.74,29.84,-1.0,0,0.0806666666667
20130422,15817,29.78,29.88,-1.0,0,0.0175
20130423,15818,29.77,29.87,-1.0,0,0.115
20130424,15819,29.73,29.83,-1.0,0,0.025
20130425,15820,29.64,29.74,-1.0,0,0.03
20130426,15821,29.6,29.7,-1.0,0,0.0025
20130429,15824,29.47,29.57,-1.0,0,0.132
20130430,15825,29.49,29.59,-1.0,0,0.01
20130502,15827,29.5,29.6,-1.0,0,0.0171428571429
20130503,15828,29.48,29.58,-1.0,0,0.02
20130506,15831,29.5,29.6,-1.0,0,0.123333333333
20130507,15832,29.46,29.56,-1.0,0,0.035
20130508,15833,29.35,29.45,-1.0,0,0.502737430168
20130509,15834,29.36,29.46,-1.0,0,0.105
20130510,15835,29.58,29.68,-1.0,0,0.0875
20130513,15838,29.77,29.87,-1.0,0,0.055
20130514,15839,29.76,29.86,-1.0,0,0.0466666666667
20130515,15840,29.82,29.92,-1.0,0,0.02
20130516,15841,29.92,30.02,-1.0,0,0.438936170213
20130517,15842,29.91,30.01,-1.0,0,0.0225
20130520,15845,29.97,30.07,-1.0,0,0.156666666667
20130521,15846,29.78,29.88,-1.0,0,0.085
20130522,15847,29.76,29.86,-1.0,0,0.153333333333
20130523,15848,29.86,29.96,-1.0,0,0.0883333333333
20130524,15849,29.86,29.96,-1.0,0,0.0125
20130527,15852,29.81,29.91,-1.0,0,0.0645454545455
20130528,15853,29.87,29.97,-1.0,0,0.005
20130529,15854,29.92,30.02,-1.0,0,0.0842857142857
20130530,15855,29.92,30.02,-1.0,0,0.025
20130531,15856,29.87,29.97,-1.0,0,0.042
20130603,15859,29.9,30.0,-1.0,0,0.168181818182
20130604,15860,29.85,29.95,-1.0,0,0.03
20130605,15861,29.74,29.84,-1.0,0,0.055
20130606,15862,29.74,29.84,-1.0,0,0.025
20130607,15863,29.69,29.79,-1.0,0,0.342820512821
20130610,15866,29.87,29.97,-1.0,0,0.12
20130611,15867,30.09,30.19,-1.0,0,0.298823529412
20130613,15869,29.85,29.95,-1.0,0,0.0533333333333
20130614,15870,29.81,29.91,-1.0,0,0.17125
20130617,15873,29.82,29.92,-1.0,0,0.0125
20130618,15874,29.84,29.94,-1.0,0,0.038
20130619,15875,29.8,29.9,-1.0,0,0.308461538462
20130620,15876,29.95,30.05,-1.0,0,0.025
20130621,15877,30.05,30.15,-1.0,0,0.122
20130624,15880,30.12,30.22,-1.0,0,0.779463087248
20130625,15881,30.07,30.17,-1.0,0,0.015
20130626,15882,30.05,30.15,-1.0,0,0.0366666666667
20130627,15883,29.96,30.06,-1.0,0,0.0325
20130628,15884,29.95,30.05,-1.0,0,0.161428571429
20130701,15887,29.95,30.05,-1.0,0,0.0075
20130702,15888,29.96,30.06,-1.0,0,0.038
20130703,15889,30.01,30.11,-1.0,0,0.0314285714286
20130704,15890,29.98,30.08,-1.0,0,0.02
20130705,15891,29.99,30.09,-1.0,0,0.058
20130708,15894,30.09,30.19,-1.0,0,0.160909090909
20130709,15895,30.06,30.16,-1.0,0,0.03
20130710,15896,29.99,30.09,-1.0,0,0.015
20130711,15897,29.89,29.99,-1.0,0,0.03
20130712,15898,29.85,29.95,-1.0,0,0.105
20130715,15901,29.87,29.97,-1.0,0,0.0425
20130716,15902,29.82,29.92,-1.0,0,0.239076923077
20130717,15903,29.83,29.93,-1.0,0,0.04
20130718,15904,29.92,30.02,-1.0,0,0.0907692307692
20130719,15905,29.89,29.99,-1.0,0,0.015
20130722,15908,29.86,29.96,-1.0,0,0.0454545454545
20130723,15909,29.86,29.96,-1.0,0,0.005
20130724,15910,29.87,29.97,-1.0,0,0.00428571428571
20130725,15911,29.87,29.97,-1.0,0,0.0
20130726,15912,29.87,29.97,-1.0,0,0.004
20130729,15915,29.88,29.98,-1.0,0,0.0873333333333
20130730,15916,29.9,30.0,-1.0,0,0.035
20130731,15917,29.99,30.09,-1.0,0,0.128139534884
20130801,15918,29.96,30.06,-1.0,0,0.02
20130802,15919,29.97,30.07,-1.0,0,0.02
20130805,15922,29.89,29.99,-1.0,0,0.03125
20130806,15923,29.91,30.01,-1.0,0,0.005
20130807,15924,29.92,30.02,-1.0,0,0.0366666666667
20130808,15925,29.88,29.98,-1.0,0,0.0957142857143
20130809,15926,29.89,29.99,-1.0,0,0.005
20130812,15929,29.9,30.0,-1.0,0,0.00666666666667
20130813,15930,29.91,30.01,-1.0,0,0.0
20130814,15931,29.92,30.02,-1.0,0,0.025
20130815,15932,29.91,30.01,-1.0,0,0.0
20130816,15933,29.9,30.0,-1.0,0,0.0266666666667
20130819,15936,29.93,30.03,-1.0,0,0.0075
20130820,15937,29.95,30.05,-1.0,0,0.0330769230769
20130821,15938,29.92,30.02,-1.0,0,0.0342857142857
20130822,15939,29.96,30.06,-1.0,0,0.038
20130823,15940,29.95,30.05,-1.0,0,0.0025
20130826,15943,29.93,30.03,-1.0,0,0.0166666666667
20130827,15944,29.93,30.03,-1.0,0,0.005
20130828,15945,29.94,30.04,-1.0,0,0.329803921569
20130829,15946,29.91,30.01,-1.0,0,0.0
20130830,15947,29.88,29.98,-1.0,0,0.008
20130902,15950,29.77,29.87,-1.0,0,0.10125
20130903,15951,29.79,29.89,-1.0,0,0.03
20130904,15952,29.75,29.85,-1.0,0,0.06
20130905,15953,29.83,29.93,-1.0,0,0.0746153846154
20130906,15954,29.74,29.84,-1.0,0,0.052
20130909,15957,29.7,29.8,-1.0,0,0.035
20130910,15958,29.64,29.74,-1.0,0,0.150303030303
20130911,15959,29.7,29.8,-1.0,0,0.04
20130912,15960,29.65,29.75,-1.0,0,0.0566666666667
20130913,15961,29.7,29.8,-1.0,0,0.015
20130914,15962,29.72,29.82,-1.0,0,0.096
20130916,15964,29.63,29.73,-1.0,0,0.0411111111111
20130917,15965,29.63,29.73,-1.0,0,0.01
20130918,15966,29.65,29.75,-1.0,0,0.0571428571429
20130923,15971,29.5,29.6,-1.0,0,0.13
20130924,15972,29.52,29.62,-1.0,0,0.00666666666667
20130925,15973,29.53,29.63,-1.0,0,0.0
20130926,15974,29.54,29.64,-1.0,0,0.0325
20130927,15975,29.51,29.61,-1.0,0,0.0242857142857
20130930,15978,29.56,29.66,-1.0,0,0.172972972973
20131001,15979,29.5,29.6,-1.0,0,0.025
20131002,15980,29.49,29.59,-1.0,0,0.05
20131003,15981,29.38,29.48,-1.0,0,0.025
20131004,15982,29.32,29.42,-1.0,0,0.733507462687
20131007,15985,29.41,29.51,-1.0,0,0.08625
20131008,15986,29.36,29.46,-1.0,0,0.04125
20131009,15987,29.4,29.5,-1.0,0,0.0428571428571
20131011,15989,29.39,29.49,-1.0,0,0.002
20131014,15992,29.38,29.48,-1.0,0,0.03
20131015,15993,29.34,29.44,-1.0,0,0.0562068965517
20131016,15994,29.38,29.48,-1.0,0,0.039375
20131017,15995,29.36,29.46,-1.0,0,0.005
20131018,15996,29.35,29.45,-1.0,0,0.026
20131021,15999,29.37,29.47,-1.0,0,0.0145454545455
20131022,16000,29.36,29.46,-1.0,0,0.005
20131023,16001,29.36,29.46,-1.0,0,0.0
20131024,16002,29.36,29.46,-1.0,0,0.00666666666666
20131025,16003,29.35,29.45,-1.0,0,0.02
20131028,16006,29.37,29.47,-1.0,0,0.005
20131029,16007,29.37,29.47,-1.0,0,0.02
20131030,16008,29.36,29.46,-1.0,0,0.0
20131031,16009,29.35,29.45,-1.0,0,0.038
20131101,16010,29.38,29.48,-1.0,0,0.0175
20131104,16013,29.4,29.5,-1.0,0,0.0409523809524
20131105,16014,29.36,29.46,-1.0,0,0.136
20131106,16015,29.37,29.47,-1.0,0,3.5527136788e-15
20131107,16016,29.38,29.48,-1.0,0,0.00666666666667
20131108,16017,29.38,29.48,-1.0,0,0.0475
20131111,16020,29.5,29.6,-1.0,0,0.024
20131112,16021,29.53,29.63,-1.0,0,0.01
20131113,16022,29.54,29.64,-1.0,0,0.0946268656716
20131114,16023,29.53,29.63,-1.0,0,0.0
20131115,16024,29.52,29.62,-1.0,0,0.004
20131118,16027,29.48,29.58,-1.0,0,0.0233333333333
20131119,16028,29.44,29.54,-1.0,0,0.0977777777778
20131120,16029,29.47,29.57,-1.0,0,0.01
20131121,16030,29.52,29.62,-1.0,0,0.0133333333333
20131122,16031,29.54,29.64,-1.0,0,0.0475
20131125,16034,29.57,29.67,-1.0,0,0.015
20131126,16035,29.56,29.66,-1.0,0,0.012
20131127,16036,29.58,29.68,-1.0,0,0.105714285714
20131128,16037,29.57,29.67,-1.0,0,0.0
20131129,16038,29.56,29.66,-1.0,0,0.008
20131202,16041,29.51,29.61,-1.0,0,0.0507692307692
20131203,16042,29.57,29.67,-1.0,0,0.0575
20131204,16043,29.57,29.67,-1.0,0,0.005
20131205,16044,29.56,29.66,-1.0,0,0.00333333333333
20131206,16045,29.56,29.66,-1.0,0,0.0025
20131209,16048,29.55,29.65,-1.0,0,0.0142857142857
20131210,16049,29.53,29.63,-1.0,0,0.284523809524
20131211,16050,29.56,29.66,-1.0,0,0.0185714285714
20131212,16051,29.57,29.67,-1.0,0,0.0
20131213,16052,29.58,29.68,-1.0,0,0.0
20131216,16055,29.61,29.71,-1.0,0,0.00833333333333
20131217,16056,29.61,29.71,-1.0,0,0.13
20131218,16057,29.65,29.75,-1.0,0,0.05
20131219,16058,29.8,29.9,-1.0,0,0.035
20131220,16059,29.88,29.98,-1.0,0,0.124285714286
20131223,16062,29.93,30.03,-1.0,0,0.0025
20131224,16063,29.95,30.05,-1.0,0,0.231162790698
20131225,16064,29.95,30.05,-1.0,0,0.005
20131226,16065,29.96,30.06,-1.0,0,0.03
20131227,16066,29.93,30.03,-1.0,0,0.014
20131230,16069,29.89,29.99,-1.0,0,0.0025
20131231,16070,29.88,29.98,-1.0,0,0.0233333333333
20140102,16072,29.89,29.99,-1.0,0,0.109655172414
20140103,16073,29.93,30.03,-1.0,0,0.0125
20140106,16076,30.0,30.1,-1.0,0,0.03
20140107,16077,30.05,30.15,-1.0,0,0.0
20140108,16078,30.1,30.2,-1.0,0,0.144
20140109,16079,30.07,30.17,-1.0,0,0.015
20140110,16080,30.01,30.11,-1.0,0,0.046
20140113,16083,29.99,30.09,-1.0,0,0.113571428571
20140114,16084,30.02,30.12,-1.0,0,0.005
20140115,16085,30.06,30.16,-1.0,0,0.0433333333333
20140116,16086,30.05,30.15,-1.0,0,0.0171428571429
20140117,16087,30.07,30.17,-1.0,0,0.005
20140120,16090,30.11,30.21,-1.0,0,0.02
20140121,16091,30.11,30.21,-1.0,0,0.0
20140122,16092,30.11,30.21,-1.0,0,0.181458333333
20140123,16093,30.23,30.33,-1.0,0,0.03
20140124,16094,30.29,30.39,-1.0,0,0.072
20140127,16097,30.38,30.48,-1.0,0,0.360495049505
20140128,16098,30.33,30.43,-1.0,0,0.0
20140129,16099,30.28,30.38,-1.0,0,0.0907692307692
20140205,16106,30.35,30.45,-1.0,0,0.0994736842105
20140206,16107,30.26,30.36,-1.0,0,0.0775
20140207,16108,30.25,30.35,-1.0,0,0.014
20140210,16111,30.28,30.38,-1.0,0,0.0075
20140211,16112,30.28,30.38,-1.0,0,0.02
20140212,16113,30.26,30.36,-1.0,0,0.0171428571429
20140213,16114,30.28,30.38,-1.0,0,0.0581818181818
20140214,16115,30.25,30.35,-1.0,0,0.01
20140217,16118,30.2,30.3,-1.0,0,0.101111111111
20140218,16119,30.24,30.34,-1.0,0,0.02625
20140219,16120,30.24,30.34,-1.0,0,0.01
20140220,16121,30.26,30.36,-1.0,0,0.00666666666667
20140221,16122,30.26,30.36,-1.0,0,0.015
20140224,16125,30.31,30.41,-1.0,0,0.01
20140225,16126,30.31,30.41,-1.0,0,0.0883783783784
20140226,16127,30.25,30.35,-1.0,0,0.049
20140227,16128,30.26,30.36,-1.0,0,0.008
20140303,16132,30.26,30.36,-1.0,0,0.0183333333333
20140304,16133,30.24,30.34,-1.0,0,0.01
20140305,16134,30.25,30.35,-1.0,0,0.0388888888889
20140306,16135,30.24,30.34,-1.0,0,0.015
20140307,16136,30.2,30.3,-1.0,0,0.312452830189
20140310,16139,30.26,30.36,-1.0,0,0.03
20140311,16140,30.24,30.34,-1.0,0,0.024
20140312,16141,30.28,30.38,-1.0,0,0.0436363636364
20140313,16142,30.28,30.38,-1.0,0,0.0
20140314,16143,30.28,30.38,-1.0,0,0.004
20140317,16146,30.29,30.39,-1.0,0,0.01
20140318,16147,30.28,30.38,-1.0,0,0.202857142857
20140319,16148,30.36,30.46,-1.0,0,0.025
20140320,16149,30.49,30.59,-1.0,0,0.0233333333333
20140321,16150,30.56,30.66,-1.0,0,0.807058823529
20140324,16153,30.52,30.62,-1.0,0,0.04
20140325,16154,30.56,30.66,-1.0,0,0.052
20140326,16155,30.49,30.59,-1.0,0,0.0483333333333
20140327,16156,30.49,30.59,-1.0,0,0.02
20140328,16157,30.45,30.55,-1.0,0,0.016
20140331,16160,30.43,30.53,-1.0,0,0.136666666667
20140401,16161,30.33,30.43,-1.0,0,0.005
20140402,16162,30.24,30.34,-1.0,0,0.0933333333333
20140403,16163,30.23,30.33,-1.0,0,0.002
20140407,16167,30.2,30.3,-1.0,0,0.0233333333333
20140408,16168,30.22,30.32,-1.0,0,0.209
20140409,16169,30.06,30.16,-1.0,0,0.025
20140410,16170,29.95,30.05,-1.0,0,0.576137566138
20140411,16171,30.08,30.18,-1.0,0,0.08
20140414,16174,30.15,30.25,-1.0,0,0.110769230769
20140415,16175,30.11,30.21,-1.0,0,0.03
20140416,16176,30.11,30.21,-1.0,0,0.005
20140417,16177,30.12,30.22,-1.0,0,0.06
20140418,16178,30.14,30.24,-1.0,0,0.0025
20140421,16181,30.19,30.29,-1.0,0,0.018
20140422,16182,30.23,30.33,-1.0,0,0.01
20140423,16183,30.24,30.34,-1.0,0,0.300833333333
20140424,16184,30.22,30.32,-1.0,0,0.012
20140425,16185,30.23,30.33,-1.0,0,0.015
20140428,16188,30.2,30.3,-1.0,0,0.035
20140429,16189,30.15,30.25,-1.0,0,0.03
20140430,16190,30.15,30.25,-1.0,0,0.01
20140502,16192,30.12,30.22,-1.0,0,0.015
20140505,16195,30.06,30.16,-1.0,0,0.106285714286
20140506,16196,30.08,30.18,-1.0,0,0.0175
20140507,16197,30.07,30.17,-1.0,0,0.00666666666666
20140508,16198,30.07,30.17,-1.0,0,0.0
20140509,16199,30.07,30.17,-1.0,0,0.0344444444444
20140512,16202,30.11,30.21,-1.0,0,0.0025
20140513,16203,30.12,30.22,-1.0,0,0.022
20140514,16204,30.16,30.26,-1.0,0,0.138793103448
20140515,16205,30.12,30.22,-1.0,0,0.026
20140516,16206,30.12,30.22,-1.0,0,0.0075
20140519,16209,30.09,30.19,-1.0,0,0.0414285714286
20140520,16210,30.11,30.21,-1.0,0,0.005
20140521,16211,30.12,30.22,-1.0,0,0.0377777777778
20140522,16212,30.08,30.18,-1.0,0,0.01
20140523,16213,30.06,30.16,-1.0,0,0.0446153846154
20140526,16216,30.06,30.16,-1.0,0,0.015
20140527,16217,30.08,30.18,-1.0,0,0.0435
20140528,16218,30.05,30.15,-1.0,0,0.01
20140529,16219,30.0,30.1,-1.0,0,0.0485714285714
20140530,16220,30.0,30.1,-1.0,0,0.006
20140603,16224,29.97,30.07,-1.0,0,0.09
20140604,16225,30.0,30.1,-1.0,0,0.025
20140605,16226,29.98,30.08,-1.0,0,0.03
20140606,16227,30.03,30.13,-1.0,0,0.0627272727273
20140609,16230,29.96,30.06,-1.0,0,0.01
20140610,16231,29.95,30.05,-1.0,0,0.0631578947368
20140611,16232,29.95,30.05,-1.0,0,0.0
20140612,16233,29.95,30.05,-1.0,0,0.0333333333333
20140613,16234,30.0,30.1,-1.0,0,0.05
20140616,16237,29.96,30.06,-1.0,0,0.0025
20140617,16238,29.95,30.05,-1.0,0,0.026
20140618,16239,29.97,30.07,-1.0,0,0.0283333333333
20140619,16240,29.93,30.03,-1.0,0,0.045
20140620,16241,29.95,30.05,-1.0,0,0.02
20140623,16244,29.94,30.04,-1.0,0,0.005
20140624,16245,29.93,30.03,-1.0,0,0.0166666666667
20140625,16246,29.95,30.05,-1.0,0,0.09
20140626,16247,29.9,30.0,-1.0,0,0.005
20140627,16248,29.86,29.96,-1.0,0,0.05
20140630,16251,29.82,29.92,-1.0,0,0.025
20140701,16252,29.84,29.94,-1.0,0,0.02
20140702,16253,29.81,29.91,-1.0,0,0.210916030534
20140703,16254,29.83,29.93,-1.0,0,0.008
20140704,16255,29.83,29.93,-1.0,0,0.01
20140707,16258,29.87,29.97,-1.0,0,0.0225
20140708,16259,29.85,29.95,-1.0,0,0.0133333333333
20140709,16260,29.85,29.95,-1.0,0,0.0
20140710,16261,29.85,29.95,-1.0,0,0.0328571428571
20140711,16262,29.89,29.99,-1.0,0,0.0275
20140714,16265,29.9,30.0,-1.0,0,0.09
20140715,16266,29.94,30.04,-1.0,0,0.02
20140716,16267,30.02,30.12,-1.0,0,0.205409836066
20140717,16268,29.99,30.09,-1.0,0,0.01
20140718,16269,29.94,30.04,-1.0,0,0.0615384615385
20140721,16272,29.95,30.05,-1.0,0,0.0025
20140722,16273,29.95,30.05,-1.0,0,0.0157142857143
20140724,16275,29.94,30.04,-1.0,0,0.00333333333333
20140725,16276,29.93,30.03,-1.0,0,0.01
20140728,16279,29.94,30.04,-1.0,0,0.0363636363636
20140729,16280,29.9,30.0,-1.0,0,0.0946341463415
20140730,16281,29.96,30.06,-1.0,0,0.049
20140731,16282,29.94,30.04,-1.0,0,0.0166666666667
20140801,16283,29.96,30.06,-1.0,0,0.02
20140804,16286,29.94,30.04,-1.0,0,0.005
20140805,16287,29.94,30.04,-1.0,0,0.0533333333333
20140806,16288,29.96,30.06,-1.0,0,0.01
20140807,16289,29.96,30.06,-1.0,0,0.0266666666667
20140808,16290,30.01,30.11,-1.0,0,0.0957142857143
20140811,16293,29.97,30.07,-1.0,0,0.005
20140812,16294,29.95,30.05,-1.0,0,0.0444444444444
20140813,16295,29.97,30.07,-1.0,0,0.0207142857143
20140814,16296,29.95,30.05,-1.0,0,0.0176923076923
20140815,16297,29.96,30.06,-1.0,0,0.0108333333333
20140818,16300,29.95,30.05,-1.0,0,0.0025
20140819,16301,29.95,30.05,-1.0,0,0.006
20140820,16302,29.94,30.04,-1.0,0,0.0109090909091
20140821,16303,29.95,30.05,-1.0,0,0.01
20140822,16304,29.94,30.04,-1.0,0,0.008
20140825,16307,29.94,30.04,-1.0,0,0.0
20140826,16308,29.94,30.04,-1.0,0,0.0857446808511
20140827,16309,29.88,29.98,-1.0,0,0.0416666666667
20140828,16310,29.865,29.97,-1.0,0,0.005
20140829,16311,29.86,29.96,-1.0,0,0.00375
20140901,16314,29.83,29.93,-1.0,0,0.367100591716
20140902,16315,29.87,29.97,-1.0,0,0.03125
20140903,16316,29.87,29.97,-1.0,0,0.0
20140904,16317,29.87,29.97,-1.0,0,0.00857142857143
20140905,16318,29.88,29.98,-1.0,0,0.004
20140909,16322,29.9,30.0,-1.0,0,0.0328571428571
20140910,16323,29.93,30.03,-1.0,0,0.0116666666667
20140911,16324,29.94,30.04,-1.0,0,0.006
20140912,16325,29.96,30.06,-1.0,0,0.0025
20140915,16328,30.01,30.11,-1.0,0,0.116470588235
20140916,16329,30.1,30.2,-1.0,0,0.06
20140917,16330,30.07,30.17,-1.0,0,0.06
20140918,16331,30.19,30.29,-1.0,0,0.0812
20140919,16332,30.17,30.27,-1.0,0,0.0125
20140922,16335,30.16,30.26,-1.0,0,0.055
20140923,16336,30.19,30.29,-1.0,0,0.015
20140924,16337,30.19,30.29,-1.0,0,0.03
20140925,16338,30.25,30.35,-1.0,0,0.03
20140926,16339,30.24,30.34,-1.0,0,4.74052930187
